RecordNumber,HydroFeature,AllocationBlock,Wap,FromDate,ToDate,FromMonth,ToMonth,AllocatedRate,AllocatedAnnualVolume,WaterUse,ConsentStatus,Site,Measurement,From,To
CRC175118,Surface Water,B,L35/1145,2017-06-15 00:00:00,2047-07-25 00:00:00,7,6,22154.0,698725108,agriculture,Issued - Active,L35/1145-M1,Compliance Volume,2019-07-12 00:15:00,2019-07-22 00:00:00
CRC166677,Surface Water,A,L35/0906,2016-04-08 00:00:00,2031-11-18 00:00:00,7,6,11041.0,135561592,agriculture,Issued - Active,L35/0906-M1,Compliance Volume,2017-06-08 08:15:00,2019-07-22 12:45:00
CRC172924,Surface Water,A,L35/1090,2016-12-13 00:00:00,2031-11-18 00:00:00,7,6,2120.0,42374886,agriculture,Issued - Active,,,,
CRC133965,Surface Water,A,L35/0906,2013-03-04 00:00:00,2039-05-28 00:00:00,7,6,2100.0,66232858,stockwater,Issued - Active,L35/0906-M1,Compliance Volume,2017-06-08 08:15:00,2019-07-22 12:45:00
CRC175118,Surface Water,B,BW22/0092,2017-06-15 00:00:00,2047-07-25 00:00:00,7,6,1846.0,58221836,agriculture,Issued - Active,,,,
CRC152927,Surface Water,A,M35/11224,2016-04-08 00:00:00,2033-12-09 00:00:00,7,6,1609.0,9596133,agriculture,Issued - Active,M35/11224-M2,Volume,2017-07-01 01:00:00,2019-07-23 02:00:00
CRC152927,Surface Water,A,M35/11224,2016-04-08 00:00:00,2033-12-09 00:00:00,7,6,1609.0,9596133,agriculture,Issued - Active,M35/11224-M1,Volume,2016-07-01 00:00:00,2019-07-23 02:00:00
CRC172924,Surface Water,B,L35/1090,2016-12-13 00:00:00,2031-11-18 00:00:00,7,6,1240.0,39108925,agriculture,Issued - Active,,,,
CRC012006,Surface Water,AA,M35/11216,2002-12-10 00:00:00,2037-12-10 00:00:00,7,6,1231.0,15953760,water_supply,Issued - Active,,,,
CRC012006,Surface Water,B,M35/11216,2002-12-10 00:00:00,2037-12-10 00:00:00,7,6,1169.0,11696000,water_supply,Issued - Active,,,,
CRC155937,Surface Water,AA,L35/1021,2015-08-28 00:00:00,2028-11-05 00:00:00,7,6,1090.0,15228000,agriculture,Issued - Active,,,,
CRC136234,Surface Water,A,L35/1089,2013-05-27 00:00:00,2031-11-18 00:00:00,7,6,1000.0,211680000,agriculture,Issued - Active,,,,
CRC155937,Surface Water,A,L35/1022,2015-08-28 00:00:00,2028-11-05 00:00:00,7,6,630.0,2381400,agriculture,Issued - Active,,,,
CRC155937,Surface Water,AA,L35/1146,2015-08-28 00:00:00,2028-11-05 00:00:00,7,6,630.0,15228000,agriculture,Issued - Active,,,,
CRC183475,Groundwater,A,M35/6984,2018-12-21 00:00:00,2032-07-01 00:00:00,7,6,485.0,15296636,agriculture,Issued - Active,M35/6984-M1,Compliance Volume,2014-06-30 23:45:00,2019-07-22 00:00:00
CRC156736,Surface Water,B,L35/0975,2015-04-07 00:00:00,2033-08-12 00:00:00,7,6,440.0,1507500,agriculture,Issued - Active,,,,
CRC183475,Groundwater,A,M35/2924,2018-12-21 00:00:00,2032-07-01 00:00:00,7,6,335.0,10565718,agriculture,Issued - Active,M35/2924-M1,Compliance Volume,2003-01-01 00:00:00,2019-07-22 00:00:00
CRC012237.4,Surface Water,A,L35/0919,2015-02-26 00:00:00,2036-06-14 00:00:00,7,6,280.0,2232210,agriculture,Issued - Active,L35/0919-M1,Compliance Volume,2012-12-19 15:00:00,2019-07-23 02:45:00
CRC160826,Surface Water,A,M35/11044,2015-08-06 00:00:00,2034-04-22 00:00:00,10,4,280.0,687292,agriculture,Issued - Active,,,,
CRC093161.1,Surface Water,B,L35/1080,2010-06-16 00:00:00,2019-08-24 00:00:00,7,6,270.0,1729572,agriculture,Issued - Active,,,,
CRC172811,Surface Water,A,L35/0740,2016-10-20 00:00:00,2036-11-01 00:00:00,7,6,180.0,2340000,agriculture,Issued - Active,,,,
CRC156238,Surface Water,A,M35/11177,2015-03-31 00:00:00,2034-04-22 00:00:00,10,4,170.0,195389,agriculture,Issued - Active,,,,
CRC183475,Surface Water,A,M35/2924,2018-12-21 00:00:00,2032-07-01 00:00:00,7,6,165.0,5204010,agriculture,Issued - Active,M35/2924-M1,Compliance Volume,2003-01-01 00:00:00,2019-07-22 00:00:00
CRC180978,Surface Water,A,BV20/5001,2017-09-13 00:00:00,2019-09-13 00:00:00,7,6,160.0,13824,industry,Issued - Active,,,,
CRC000744.1,Surface Water,A,L35/0665,2008-05-29 00:00:00,2034-12-09 00:00:00,7,6,134.0,4226287,agriculture,Issued - Active,L35/0665-M1,Compliance Volume,2008-10-16 12:00:00,2019-07-22 12:30:00
CRC157457,Groundwater,A,BW23/0205,2015-07-02 00:00:00,2020-08-02 00:00:00,7,6,112.7,530000,agriculture,Issued - Active,,,,
CRC184110,Surface Water,B,L35/0580,2018-03-05 00:00:00,2033-08-12 00:00:00,7,6,109.0,769600,agriculture,Issued - Active,,,,
CRC012006,Surface Water,A,M35/11216,2002-12-10 00:00:00,2037-12-10 00:00:00,7,6,100.0,4782240,water_supply,Issued - Active,,,,
CRC092949,Surface Water,B,BW22/0094,2015-02-26 00:00:00,2025-02-26 00:00:00,7,6,100.0,3153946,agriculture,Issued - Active,,,,
CRC181635,Groundwater,A,BW22/0089,2017-10-19 00:00:00,2032-10-19 00:00:00,7,6,100.0,422576,agriculture,Issued - Active,,,,
CRC155937,Surface Water,B,L35/1146,2015-08-28 00:00:00,2028-11-05 00:00:00,7,6,100.0,1296000,agriculture,Issued - Active,,,,
CRC052097.3,Groundwater,A,M35/9925,2012-12-14 00:00:00,2040-05-03 00:00:00,7,6,100.0,924480,agriculture,Issued - Active,,,,
CRC142947,Groundwater,A,M35/9925,2014-01-14 00:00:00,2023-12-01 00:00:00,7,6,100.0,457920,agriculture,Issued - Active,,,,
CRC182780,Surface Water,A,L35/1080,2017-11-30 00:00:00,2039-11-26 00:00:00,7,6,98.0,3090867,agriculture,Issued - Active,,,,
CRC184109,Surface Water,B,L35/0978,2018-03-05 00:00:00,2019-11-27 00:00:00,7,6,93.5,753125,agriculture,Issued - Active,,,,
CRC184109,Surface Water,B,L35/0580,2018-03-05 00:00:00,2019-11-27 00:00:00,7,6,93.5,753125,agriculture,Issued - Active,,,,
CRC990579.3,Surface Water,A,L35/0595,2014-02-12 00:00:00,2034-03-16 00:00:00,7,6,91.0,742287,agriculture,Issued - Active,L35/0595-M1,Compliance Volume,2008-12-08 16:00:00,2019-07-22 00:00:00
CRC172663,Surface Water,A,M35/11224,2016-11-17 00:00:00,2033-12-09 00:00:00,7,6,91.0,2284976,agriculture,Issued - Active,M35/11224-M1,Volume,2016-07-01 00:00:00,2019-07-23 02:00:00
CRC172663,Surface Water,A,M35/11224,2016-11-17 00:00:00,2033-12-09 00:00:00,7,6,91.0,2284976,agriculture,Issued - Active,M35/11224-M2,Volume,2017-07-01 01:00:00,2019-07-23 02:00:00
CRC182390,Groundwater,A,L35/0991,2018-01-31 00:00:00,2033-01-31 00:00:00,7,6,90.0,161984,agriculture,Issued - Active,,,,
CRC194884,Groundwater,A,L35/1071,2019-05-13 00:00:00,2033-03-14 00:00:00,7,6,90.0,778056,water_supply,Issued - Active,,,,
CRC990579.3,Surface Water,A,L35/0906,2014-02-12 00:00:00,2034-03-16 00:00:00,7,6,87.2,742287,agriculture,Issued - Active,L35/0906-M1,Compliance Volume,2017-06-08 08:15:00,2019-07-22 12:45:00
CRC140034,Groundwater,A,M35/11085,2013-07-10 00:00:00,2023-07-10 00:00:00,7,6,86.0,575045,agriculture,Issued - Active,,,,
CRC070965.2,Groundwater,A,M35/11085,2012-04-12 00:00:00,2020-03-01 00:00:00,7,6,86.0,728156,agriculture,Issued - Active,,,,
CRC172416,Groundwater,A,BW23/0376,2016-10-21 00:00:00,2031-10-21 00:00:00,7,6,85.0,106600,agriculture,Issued - Active,,,,
CRC186036,Groundwater,A,M35/17848,2018-06-14 00:00:00,2020-05-17 00:00:00,7,6,85.0,859930,agriculture,Issued - Active,,,,
CRC186036,Groundwater,A,M35/17849,2018-06-14 00:00:00,2020-05-17 00:00:00,7,6,85.0,859930,agriculture,Issued - Active,,,,
CRC169453,Groundwater,A,L35/1051,2016-06-29 00:00:00,2034-03-23 00:00:00,7,6,84.0,433010,agriculture,Issued - Active,,,,
CRC183253,Groundwater,A,L35/0950,2018-01-08 00:00:00,2039-03-18 00:00:00,7,6,80.0,454548,agriculture,Issued - Active,,,,
CRC183253,Groundwater,A,L35/0804,2018-01-08 00:00:00,2039-03-18 00:00:00,7,6,80.0,454548,agriculture,Issued - Active,,,,
CRC172240,Groundwater,A,L35/1098,2016-12-05 00:00:00,2023-12-13 00:00:00,7,6,80.0,427142,agriculture,Issued - Active,,,,
CRC165555,Groundwater,A,L35/0765,2017-01-17 00:00:00,2028-11-25 00:00:00,7,6,79.84,392067,agriculture,Issued - Active,,,,
CRC190426,Groundwater,A,M35/12029,2018-08-02 00:00:00,2033-08-02 00:00:00,7,6,78.0,309455,agriculture,Issued - Active,,,,
CRC191331,Surface Water,A,M35/1336,2018-10-30 00:00:00,2033-09-30 00:00:00,7,6,78.0,2460078,water_supply,Issued - Active,,,,
CRC101910.3,Groundwater,A,M35/12029,2011-06-23 00:00:00,2020-03-10 00:00:00,7,6,78.0,612687,agriculture,Issued - Active,,,,
CRC194884,Groundwater,A,L35/1072,2019-05-13 00:00:00,2033-03-14 00:00:00,7,6,75.0,778056,water_supply,Issued - Active,,,,
CRC194884,Groundwater,A,L35/0940,2019-05-13 00:00:00,2033-03-14 00:00:00,7,6,75.0,778056,water_supply,Issued - Active,,,,
CRC194884,Groundwater,A,L35/0939,2019-05-13 00:00:00,2033-03-14 00:00:00,7,6,75.0,778056,water_supply,Issued - Active,,,,
CRC020199.1,Surface Water,A,L35/0916,2008-07-21 00:00:00,2037-03-20 00:00:00,7,6,75.0,972758,agriculture,Issued - Active,,,,
CRC020199.1,Surface Water,A,L35/0917,2008-07-21 00:00:00,2037-03-20 00:00:00,7,6,75.0,972758,agriculture,Issued - Active,,,,
CRC194884,Groundwater,A,L35/0702,2019-05-13 00:00:00,2033-03-14 00:00:00,7,6,70.0,778056,water_supply,Issued - Active,,,,
CRC061323.1,Groundwater,A,L35/0701,2006-12-04 00:00:00,2040-12-22 00:00:00,7,6,70.0,924500,agriculture,Issued - Active,,,,
CRC155937,Surface Water,A,L35/1146,2015-08-28 00:00:00,2028-11-05 00:00:00,7,6,70.0,2381400,agriculture,Issued - Active,,,,
CRC085084,Groundwater,A,M35/17744,2014-08-15 00:00:00,2024-08-15 00:00:00,7,6,70.0,531893,agriculture,Issued - Active,,,,
CRC165555,Groundwater,A,BW22/0045,2017-01-17 00:00:00,2028-11-25 00:00:00,7,6,67.16,392067,agriculture,Issued - Active,,,,
CRC170082,Groundwater,A,M35/8571,2016-06-27 00:00:00,2033-12-09 00:00:00,7,6,65.0,2050065,agriculture,Issued - Active,,,,
CRC182725,Groundwater,A,L35/1012,2018-02-01 00:00:00,2033-02-01 00:00:00,7,6,62.5,516000,agriculture,Issued - Active,,,,
CRC182725,Groundwater,A,L35/1011,2018-02-01 00:00:00,2033-02-01 00:00:00,7,6,62.5,516000,agriculture,Issued - Active,,,,
CRC084937,Groundwater,A,L35/1046,2014-07-08 00:00:00,2024-07-08 00:00:00,7,6,62.0,469500,agriculture,Issued - Active,,,,
CRC181524,Groundwater,A,BW23/0083,2018-04-06 00:00:00,2024-01-15 00:00:00,7,6,60.0,483182,agriculture,Issued - Active,,,,
CRC061311,Surface Water,A,L35/0912,2005-12-08 00:00:00,2040-12-06 00:00:00,10,4,60.0,635621,agriculture,Issued - Active,L35/0912-M1,Compliance Volume,2009-12-24 14:00:00,2019-07-22 12:00:00
CRC181524,Groundwater,A,M35/17628,2018-04-06 00:00:00,2024-01-15 00:00:00,7,6,60.0,483182,agriculture,Issued - Active,,,,
CRC181524,Groundwater,A,M35/17629,2018-04-06 00:00:00,2024-01-15 00:00:00,7,6,60.0,483182,agriculture,Issued - Active,,,,
CRC990931.1,Surface Water,A,L35/0928,2008-05-13 00:00:00,2036-05-18 00:00:00,7,6,60.0,777600,water_supply,Issued - Active,,,,
CRC155937,Surface Water,A,L35/1150,2015-08-28 00:00:00,2028-11-05 00:00:00,7,6,60.0,2381400,agriculture,Issued - Active,,,,
CRC190427,Groundwater,A,BW23/0478,2018-08-02 00:00:00,2033-08-02 00:00:00,7,6,60.0,275000,agriculture,Issued - Active,,,,
CRC182809,Groundwater,A,BW23/0464,2018-03-22 00:00:00,2033-03-22 00:00:00,7,6,59.45,424633,agriculture,Issued - Active,,,,
CRC191331,Groundwater,A,M35/10632,2018-10-30 00:00:00,2033-09-30 00:00:00,7,6,57.87,240703,water_supply,Issued - Active,,,,
CRC063540.1,Groundwater,A,L35/0850,2009-10-21 00:00:00,2041-06-13 00:00:00,7,6,55.0,714000,water_supply,Issued - Active,,,,
CRC168059,Groundwater,A,L35/0924,2016-04-18 00:00:00,2030-12-18 00:00:00,7,6,54.0,469650,agriculture,Issued - Active,,,,
CRC173378,Surface Water,B,L35/0855,2016-12-16 00:00:00,2031-12-16 00:00:00,7,6,53.52,345925,agriculture,Issued - Active,L35/0855-M1,Compliance Volume,2009-01-12 19:58:58,2019-07-22 23:45:00
CRC150643,Groundwater,A,L35/0766,2014-07-23 00:00:00,2037-12-11 00:00:00,7,6,53.5,196294,agriculture,Issued - Active,,,,
CRC150643,Groundwater,A,L35/0765,2014-07-23 00:00:00,2037-12-11 00:00:00,7,6,53.5,196294,agriculture,Issued - Active,,,,
CRC170034,Surface Water,A,M35/8569,2016-07-27 00:00:00,2035-03-01 00:00:00,7,6,51.0,1608512,agriculture,Issued - Active,M35/8569-M1,Compliance Volume,2011-10-01 17:39:00,2019-07-23 02:15:00
CRC085084,Groundwater,A,M35/17741,2014-08-15 00:00:00,2024-08-15 00:00:00,7,6,50.0,531893,agriculture,Issued - Active,,,,
CRC121134,Groundwater,A,L35/0958,2013-06-07 00:00:00,2023-06-07 00:00:00,7,6,50.0,710428,agriculture,Issued - Active,,,,
CRC176085,Surface Water,A,L35/0842,2017-05-23 00:00:00,2039-02-27 00:00:00,7,6,50.0,1576973,agriculture,Issued - Active,L35/0842-M1,Compliance Volume,2016-02-18 12:00:20,2019-07-22 12:15:00
CRC181635,Groundwater,A,BW22/0071,2017-10-19 00:00:00,2032-10-19 00:00:00,7,6,50.0,422576,agriculture,Issued - Active,,,,
CRC176521,Surface Water,A,L35/0906,2017-06-16 00:00:00,2033-12-09 00:00:00,7,6,49.0,526435,agriculture,Issued - Active,L35/0906-M1,Compliance Volume,2017-06-08 08:15:00,2019-07-22 12:45:00
CRC032149,Groundwater,A,M35/1653,2005-03-24 00:00:00,2040-03-24 00:00:00,7,6,46.0,525000,water_supply,Issued - Active,,,,
CRC173744,Surface Water,A,L35/0855,2016-12-09 00:00:00,2034-03-04 00:00:00,7,6,45.96,747500,agriculture,Issued - Active,L35/0855-M1,Compliance Volume,2009-01-12 19:58:58,2019-07-22 23:45:00
CRC174185,Groundwater,A,BW23/0409,2017-02-17 00:00:00,2032-02-17 00:00:00,7,6,45.0,315100,agriculture,Issued - Active,,,,
CRC173744,Surface Water,A,L35/0906,2016-12-09 00:00:00,2034-03-04 00:00:00,7,6,44.04,747500,agriculture,Issued - Active,L35/0906-M1,Compliance Volume,2017-06-08 08:15:00,2019-07-22 12:45:00
CRC101865,Surface Water,B,L35/1104,2010-04-06 00:00:00,2033-08-12 00:00:00,8,5,40.0,468000,agriculture,Issued - Active,L35/1104-M1,Compliance Volume,2012-04-03 14:45:00,2019-07-22 23:45:00
CRC052598,Groundwater,A,L35/0744,2005-04-14 00:00:00,2040-04-13 00:00:00,7,6,40.0,479084,agriculture,Issued - Active,,,,
CRC181757,Groundwater,A,L35/0844,2017-10-19 00:00:00,2032-10-19 00:00:00,7,6,40.0,175596,agriculture,Issued - Active,,,,
CRC158041,Groundwater,A,BW22/0051,2015-06-25 00:00:00,2038-05-13 00:00:00,7,6,40.0,168626,agriculture,Issued - Active,,,,
CRC156734,Surface Water,A,L35/1063,2015-04-07 00:00:00,2038-06-24 00:00:00,9,5,40.0,364758,agriculture,Issued - Active,L35/1063-M1,Compliance Volume,2013-11-07 15:15:00,2019-07-22 23:45:00
CRC180669,Groundwater,A,BW22/0023,2017-10-19 00:00:00,2032-10-19 00:00:00,7,6,40.0,175596,agriculture,Terminated - Replaced,,,,
CRC981333.7,Surface Water,A,L35/1104,2012-06-05 00:00:00,2033-04-01 00:00:00,7,6,40.0,380928,agriculture,Issued - Active,L35/1104-M1,Compliance Volume,2012-04-03 14:45:00,2019-07-22 23:45:00
CRC130723,Groundwater,A,M35/18510,2013-10-02 00:00:00,2022-04-12 00:00:00,7,6,40.0,198754,agriculture,Issued - Active,,,,
CRC185810,Groundwater,A,M35/11433,2018-06-07 00:00:00,2032-03-26 00:00:00,7,6,40.0,404342,agriculture,Issued - Active,,,,
CRC137029,Surface Water,A,M35/9338,2013-08-07 00:00:00,2023-08-07 00:00:00,7,6,40.0,1261578,agriculture,Issued - Active,M35/9338-M1,Compliance Volume,2011-12-15 12:30:00,2019-07-22 00:00:00
CRC181757,Groundwater,A,L35/0794,2017-10-19 00:00:00,2032-10-19 00:00:00,7,6,40.0,175596,agriculture,Issued - Active,,,,
CRC172863,Groundwater,A,M35/11921,2016-11-17 00:00:00,2023-10-25 00:00:00,7,6,38.5,518400,agriculture,Issued - Active,M35/11921-M1,Compliance Volume,2014-03-03 12:00:00,2019-07-22 00:00:00
CRC137029,Surface Water,A,M35/8579,2013-08-07 00:00:00,2023-08-07 00:00:00,7,6,38.0,1198499,agriculture,Issued - Active,M35/8579-M1,Compliance Volume,2011-12-08 10:15:00,2019-07-22 00:00:00
CRC000754.1,Surface Water,A,M35/11165,2008-06-23 00:00:00,2034-11-23 00:00:00,7,6,36.0,166220,agriculture,Issued - Active,M35/11165-M1,Compliance Volume,2013-07-06 03:00:00,2019-07-22 23:45:00
CRC172863,Groundwater,A,M35/11919,2016-11-17 00:00:00,2023-10-25 00:00:00,7,6,36.0,518400,agriculture,Issued - Active,M35/11919-M1,Compliance Volume,2014-06-12 19:45:00,2019-07-22 00:00:00
CRC000754.1,Surface Water,A,M35/11166,2008-06-23 00:00:00,2034-11-23 00:00:00,7,6,36.0,166220,agriculture,Issued - Active,,,,
CRC137029,Surface Water,A,M35/8580,2013-08-07 00:00:00,2023-08-07 00:00:00,7,6,35.0,1103881,agriculture,Issued - Active,M35/8580-M1,Compliance Volume,2011-12-10 09:15:00,2019-07-22 00:00:00
CRC021291.3,Groundwater,A,L35/0732,2010-07-12 00:00:00,2037-02-22 00:00:00,7,6,35.0,418576,agriculture,Issued - Active,,,,
CRC971333.2,Groundwater,A,M35/1752,2008-05-29 00:00:00,2032-07-01 00:00:00,7,6,34.5,165438,industry,Issued - Active,M35/1752-M1,Compliance Volume,2003-08-26 00:00:00,2019-07-22 11:30:00
CRC170034,Groundwater,A,M35/8569,2016-07-27 00:00:00,2035-03-01 00:00:00,7,6,34.0,1003248,agriculture,Issued - Active,M35/8569-M1,Compliance Volume,2011-10-01 17:39:00,2019-07-23 02:15:00
CRC137029,Groundwater,A,M35/8579,2013-08-07 00:00:00,2023-08-07 00:00:00,7,6,34.0,572496,agriculture,Issued - Active,M35/8579-M1,Compliance Volume,2011-12-08 10:15:00,2019-07-22 00:00:00
CRC162515,Surface Water,A,M35/7622,2015-11-10 00:00:00,2030-11-10 00:00:00,7,6,34.0,1072342,agriculture,Issued - Active,M35/7622-M1,Compliance Volume,2014-01-14 07:45:00,2019-07-23 01:45:00
CRC981363.2,Surface Water,A,L35/0927,2007-11-22 00:00:00,2033-04-09 00:00:00,10,4,34.0,313270,agriculture,Issued - Active,L35/0927-M1,Compliance Volume,2016-10-28 14:22:44,2019-07-22 23:45:00
CRC174185,Groundwater,A,M35/11427,2017-02-17 00:00:00,2032-02-17 00:00:00,7,6,33.75,315100,agriculture,Issued - Active,,,,
CRC174185,Groundwater,A,M35/11426,2017-02-17 00:00:00,2032-02-17 00:00:00,7,6,33.75,315100,agriculture,Issued - Active,,,,
CRC174185,Groundwater,A,M35/11424,2017-02-17 00:00:00,2032-02-17 00:00:00,7,6,33.75,315100,agriculture,Issued - Active,,,,
CRC174185,Groundwater,A,M35/11425,2017-02-17 00:00:00,2032-02-17 00:00:00,7,6,33.75,315100,agriculture,Issued - Active,,,,
CRC141448,Groundwater,A,M35/9286,2013-10-23 00:00:00,2038-12-24 00:00:00,7,6,33.69,338250,agriculture,Issued - Active,,,,
CRC141448,Groundwater,A,M35/8962,2013-10-23 00:00:00,2038-12-24 00:00:00,7,6,33.69,338250,agriculture,Issued - Active,,,,
CRC162515,Surface Water,A,M35/7666,2015-11-10 00:00:00,2030-11-10 00:00:00,7,6,33.0,1040802,agriculture,Issued - Active,M35/7666-M1,Compliance Volume,2008-11-05 15:13:20,2019-07-23 03:00:00
CRC182085,Groundwater,A,M35/18477,2018-05-23 00:00:00,2033-05-23 00:00:00,7,6,32.3,362157,agriculture,Issued - Active,M35/18477-M1,Compliance Volume,2013-07-02 12:30:00,2019-07-23 02:30:00
CRC085044,Groundwater,A,L35/0862,2016-09-08 00:00:00,2026-09-08 00:00:00,7,6,32.0,183750,agriculture,Issued - Active,,,,
CRC151242,Groundwater,A,M35/8328,2014-07-18 00:00:00,2038-09-05 00:00:00,7,6,32.0,255960,agriculture,Issued - Active,,,,
CRC170076,Groundwater,A,BW23/0031,2016-06-27 00:00:00,2024-07-15 00:00:00,7,6,32.0,1551000,agriculture,Issued - Active,,,,
CRC169510,Groundwater,A,BW22/0049,2016-09-29 00:00:00,2050-11-05 00:00:00,7,6,31.98,482500,water_supply,Issued - Active,,,,
CRC173378,Surface Water,B,L35/0906,2016-12-16 00:00:00,2031-12-16 00:00:00,7,6,31.48,345925,agriculture,Issued - Active,L35/0906-M1,Compliance Volume,2017-06-08 08:15:00,2019-07-22 12:45:00
CRC152387,Surface Water,A,L35/0339,2014-10-17 00:00:00,2024-08-04 00:00:00,7,6,31.0,977723,agriculture,Issued - Active,L35/0339-M1,Compliance Volume,2013-04-12 22:30:00,2019-07-22 00:00:00
CRC169453,Groundwater,A,BW22/0074,2016-06-29 00:00:00,2034-03-23 00:00:00,7,6,30.73,433010,agriculture,Issued - Active,,,,
CRC030112.1,Groundwater,A,L35/0769,2006-12-04 00:00:00,2037-10-02 00:00:00,7,6,30.3,428000,agriculture,Issued - Active,,,,
CRC173829,Groundwater,A,BW23/0077,2017-03-02 00:00:00,2024-02-07 00:00:00,7,6,30.0,118460,agriculture,Issued - Active,,,,
CRC186088,Groundwater,A,BW22/0023,2018-07-13 00:00:00,2031-04-10 00:00:00,7,6,30.0,211938,agriculture,Issued - Active,,,,
CRC186088,Groundwater,A,BW22/0069,2018-07-13 00:00:00,2031-04-10 00:00:00,7,6,30.0,211938,agriculture,Issued - Active,,,,
CRC162515,Surface Water,A,M35/8398,2015-11-10 00:00:00,2030-11-10 00:00:00,7,6,30.0,946184,agriculture,Issued - Active,M35/8398-M1,Compliance Volume,2014-01-09 12:00:00,2019-07-23 02:00:00
CRC183360,Surface Water,A,L35/1045,2018-07-24 00:00:00,2033-07-24 00:00:00,7,6,30.0,946184,agriculture,Issued - Active,L35/1045-M1,Compliance Volume,2010-10-13 23:45:00,2019-07-22 23:45:00
CRC185204,Groundwater,A,M35/9902,2018-05-04 00:00:00,2039-09-16 00:00:00,7,6,30.0,445119,agriculture,Issued - Active,M35/9902-M1,Compliance Volume,2014-02-14 13:08:57,2019-07-22 00:00:00
CRC172863,Groundwater,A,M35/11920,2016-11-17 00:00:00,2023-10-25 00:00:00,7,6,30.0,518400,agriculture,Issued - Active,M35/11920-M1,Compliance Volume,2013-11-09 13:00:00,2019-07-22 00:00:00
CRC971075,Groundwater,A,M35/1756,1997-12-24 00:00:00,2032-07-01 00:00:00,7,6,30.0,47128,agriculture,Issued - Active,,,,
CRC971075,Groundwater,A,M35/6432,1997-12-24 00:00:00,2032-07-01 00:00:00,7,6,30.0,47128,agriculture,Issued - Active,,,,
CRC971075,Groundwater,A,M35/6695,1997-12-24 00:00:00,2032-07-01 00:00:00,7,6,30.0,47128,agriculture,Issued - Active,,,,
CRC183143,Groundwater,A,BW22/0088,2018-07-06 00:00:00,2053-07-06 00:00:00,7,6,30.0,800000,water_supply,Issued - Active,,,,
CRC991826,Surface Water,A,M35/11225,1999-05-07 00:00:00,2034-05-04 00:00:00,10,4,30.0,92230,agriculture,Issued - Active,,,,
CRC110404,Surface Water,A,K35/0030,2012-02-24 00:00:00,2047-02-24 00:00:00,7,6,30.0,203695,water_supply,Issued - Active,,,,
CRC137029,Groundwater,A,M35/8580,2013-08-07 00:00:00,2023-08-07 00:00:00,7,6,30.0,572496,agriculture,Issued - Active,M35/8580-M1,Compliance Volume,2011-12-10 09:15:00,2019-07-22 00:00:00
CRC169510,Groundwater,A,L35/0850,2016-09-29 00:00:00,2050-11-05 00:00:00,7,6,29.32,482500,water_supply,Issued - Active,,,,
CRC172863,Surface Water,A,M35/11919,2016-11-17 00:00:00,2023-10-25 00:00:00,7,6,29.0,914644,agriculture,Issued - Active,M35/11919-M1,Compliance Volume,2014-06-12 19:45:00,2019-07-22 00:00:00
CRC081610,Groundwater,A,M35/11181,2008-10-02 00:00:00,2043-09-30 00:00:00,7,6,28.9,701400,agriculture,Issued - Active,M35/11181-M1,Compliance Volume,2018-04-04 00:15:00,2019-07-22 00:00:00
CRC181757,Groundwater,A,L35/0864,2017-10-19 00:00:00,2032-10-19 00:00:00,7,6,28.57,175596,agriculture,Issued - Active,,,,
CRC001890.1,Surface Water,A,L35/0188,2011-10-20 00:00:00,2035-01-31 00:00:00,7,6,28.0,883105,agriculture,Issued - Active,L35/0188-M1,Compliance Volume,2012-09-03 11:30:00,2019-07-22 23:45:00
CRC183360,Surface Water,A,L35/1044,2018-07-24 00:00:00,2033-07-24 00:00:00,7,6,28.0,883105,agriculture,Issued - Active,L35/1044-M1,Compliance Volume,2012-07-18 15:30:00,2019-07-22 23:45:00
CRC170082,Groundwater,A,M35/8570,2016-06-27 00:00:00,2033-12-09 00:00:00,7,6,28.0,883105,agriculture,Issued - Active,M35/8570-M1,Compliance Volume,2011-10-02 11:30:00,2019-07-23 02:00:00
CRC172416,Groundwater,A,M35/11381,2016-10-21 00:00:00,2031-10-21 00:00:00,7,6,27.0,106600,agriculture,Issued - Active,M35/11381-M1,Compliance Volume,2008-02-18 10:00:00,2019-07-22 00:00:00
CRC170082,Surface Water,A,M35/8570,2016-06-27 00:00:00,2033-12-09 00:00:00,7,6,27.0,851565,agriculture,Issued - Active,M35/8570-M1,Compliance Volume,2011-10-02 11:30:00,2019-07-23 02:00:00
CRC130723,Surface Water,A,M35/2689,2013-10-02 00:00:00,2022-04-12 00:00:00,7,6,27.0,851565,agriculture,Issued - Active,M35/2689-M1,Compliance Volume,2014-05-17 05:00:00,2019-07-22 00:00:00
CRC182809,Surface Water,A,M35/9027,2018-03-22 00:00:00,2033-03-22 00:00:00,7,6,27.0,851565,agriculture,Issued - Active,M35/9027-M1,Compliance Volume,2011-11-01 07:00:00,2019-07-22 00:00:00
CRC147496,Groundwater,A,M35/9261,2014-11-06 00:00:00,2024-11-06 00:00:00,7,6,27.0,584100,agriculture,Issued - Active,M35/9261-M1,Compliance Volume,2012-10-05 14:30:00,2019-07-23 01:45:00
CRC145672,Groundwater,A,M35/0050,2014-05-07 00:00:00,2024-07-16 00:00:00,7,6,26.5,334400,agriculture,Issued - Active,,,,
CRC001890.1,Groundwater,A,L35/0188,2011-10-20 00:00:00,2035-01-31 00:00:00,7,6,26.0,322667,agriculture,Issued - Active,L35/0188-M1,Compliance Volume,2012-09-03 11:30:00,2019-07-22 23:45:00
CRC156878,Groundwater,A,L35/0869,2015-04-23 00:00:00,2040-07-05 00:00:00,7,6,26.0,232800,agriculture,Issued - Active,,,,
CRC180669,Groundwater,A,L35/0844,2017-10-19 00:00:00,2032-10-19 00:00:00,7,6,25.8,175596,agriculture,Terminated - Replaced,,,,
CRC180669,Groundwater,A,L35/0794,2017-10-19 00:00:00,2032-10-19 00:00:00,7,6,25.8,175596,agriculture,Terminated - Replaced,,,,
CRC186088,Groundwater,A,L35/0794,2018-07-13 00:00:00,2031-04-10 00:00:00,7,6,25.79,211938,agriculture,Issued - Active,,,,
CRC186088,Groundwater,A,L35/0844,2018-07-13 00:00:00,2031-04-10 00:00:00,7,6,25.79,211938,agriculture,Issued - Active,,,,
CRC051543.2,Groundwater,A,L35/0853,2010-11-03 00:00:00,2040-02-23 00:00:00,7,6,25.0,194400,agriculture,Issued - Active,,,,
CRC030246.2,Surface Water,A,L35/0931,2008-07-01 00:00:00,2037-12-21 00:00:00,7,6,25.0,334980,agriculture,Issued - Active,,,,
CRC051543.2,Groundwater,A,L35/0852,2010-11-03 00:00:00,2040-02-23 00:00:00,7,6,25.0,194400,agriculture,Issued - Active,,,,
CRC060388.3,Groundwater,A,L35/1074,2012-08-31 00:00:00,2040-12-13 00:00:00,7,6,25.0,215000,agriculture,Issued - Active,,,,
CRC181513,Groundwater,A,L35/1074,2017-10-11 00:00:00,2032-10-11 00:00:00,7,6,25.0,78544,agriculture,Issued - Active,,,,
CRC153992,Groundwater,A,L35/0705,2014-12-22 00:00:00,2024-12-22 00:00:00,7,6,25.0,314280,agriculture,Issued - Active,,,,
CRC030246.2,Surface Water,A,L35/0930,2008-07-01 00:00:00,2037-12-21 00:00:00,7,6,25.0,334980,agriculture,Issued - Active,,,,
CRC030249.1,Groundwater,A,L35/0716,2005-07-06 00:00:00,2037-11-21 00:00:00,7,6,25.0,299428,agriculture,Issued - Active,,,,
CRC051543.2,Groundwater,A,L35/0854,2010-11-03 00:00:00,2040-02-23 00:00:00,7,6,25.0,194400,agriculture,Issued - Active,,,,
CRC182809,Groundwater,A,M35/9029,2018-03-22 00:00:00,2033-03-22 00:00:00,7,6,24.72,424633,agriculture,Issued - Active,M35/9029-M1,Compliance Volume,2011-12-12 14:00:00,2019-07-22 00:00:00
CRC182085,Groundwater,A,M35/11970,2018-05-23 00:00:00,2033-05-23 00:00:00,7,6,24.3,362157,agriculture,Issued - Active,,,,
CRC940119,Groundwater,A,M35/1692,1993-12-10 00:00:00,2028-12-01 00:00:00,7,6,24.0,97195,agriculture,Issued - Active,,,,
CRC032149,Surface Water,A,M35/1653,2005-03-24 00:00:00,2040-03-24 00:00:00,7,6,24.0,756947,water_supply,Issued - Active,,,,
CRC041358.3,Groundwater,A,L35/0844,2012-01-13 00:00:00,2039-03-05 00:00:00,7,6,23.33,195437,agriculture,Terminated - Replaced,,,,
CRC041358.3,Groundwater,A,L35/0864,2012-01-13 00:00:00,2039-03-05 00:00:00,7,6,23.33,195437,agriculture,Terminated - Replaced,,,,
CRC041358.3,Groundwater,A,L35/0794,2012-01-13 00:00:00,2039-03-05 00:00:00,7,6,23.33,195437,agriculture,Terminated - Replaced,,,,
CRC182085,Groundwater,A,M35/11906,2018-05-23 00:00:00,2033-05-23 00:00:00,7,6,23.3,362157,agriculture,Issued - Active,M35/11906-M1,Compliance Volume,2012-11-06 10:15:00,2019-07-23 02:30:00
CRC172863,Surface Water,A,M35/11920,2016-11-17 00:00:00,2023-10-25 00:00:00,7,6,23.0,725407,agriculture,Issued - Active,M35/11920-M1,Compliance Volume,2013-11-09 13:00:00,2019-07-22 00:00:00
CRC082977.1,Groundwater,A,M35/9344,2010-11-26 00:00:00,2020-03-10 00:00:00,7,6,23.0,380546,agriculture,Issued - Active,M35/9344-M1,Compliance Volume,2008-11-05 14:38:29,2019-07-22 00:00:00
CRC990698.1,Surface Water,A,L35/0929,2008-05-13 00:00:00,2033-12-03 00:00:00,10,4,23.0,249268,agriculture,Issued - Active,,,,
CRC181791,Surface Water,A,M35/11021,2017-09-26 00:00:00,2034-03-25 00:00:00,7,6,23.0,21284,agriculture,Issued - Active,M35/11021-M1,Compliance Volume,2017-04-03 10:37:09,2019-07-22 11:45:00
CRC194898,Surface Water,A,M35/1204,2019-07-02 00:00:00,2028-12-01 00:00:00,7,6,23.0,725407,agriculture,Issued - Active,,,,
CRC183203,Groundwater,A,BW24/0352,2018-03-07 00:00:00,2021-12-31 00:00:00,7,6,23.0,54775,industry,Issued - Active,,,,
CRC147496,Surface Water,A,M35/9261,2014-11-06 00:00:00,2024-11-06 00:00:00,7,6,23.0,725407,agriculture,Issued - Active,M35/9261-M1,Compliance Volume,2012-10-05 14:30:00,2019-07-23 01:45:00
CRC147101,Surface Water,A,M35/7217,2014-06-27 00:00:00,2024-06-27 00:00:00,7,6,23.0,725407,agriculture,Issued - Active,M35/7217-M1,Compliance Volume,2013-10-31 19:15:00,2019-07-22 11:15:00
CRC190426,Groundwater,A,M35/9344,2018-08-02 00:00:00,2033-08-02 00:00:00,7,6,23.0,309455,agriculture,Issued - Active,M35/9344-M1,Compliance Volume,2008-11-05 14:38:29,2019-07-22 00:00:00
CRC173829,Groundwater,A,BW23/0381,2017-03-02 00:00:00,2024-02-07 00:00:00,7,6,23.0,118460,agriculture,Issued - Active,BW23/0381-M1,Compliance Volume,2017-09-21 00:30:00,2019-07-22 00:00:00
CRC181757,Groundwater,A,BW22/0023,2017-10-19 00:00:00,2032-10-19 00:00:00,7,6,22.86,175596,agriculture,Issued - Active,,,,
CRC166046,Groundwater,A,M35/1647,2016-09-07 00:00:00,2032-07-01 00:00:00,7,6,22.8,26834,agriculture,Issued - Active,,,,
CRC185810,Groundwater,A,M35/7625,2018-06-07 00:00:00,2032-03-26 00:00:00,7,6,22.3,404342,agriculture,Issued - Active,,,,
CRC147101,Groundwater,A,M35/0060,2014-06-27 00:00:00,2024-06-27 00:00:00,7,6,22.0,567025,agriculture,Issued - Active,M35/0060-M1,Compliance Volume,2013-09-14 15:00:00,2019-07-21 11:00:00
CRC158052,Groundwater,A,L35/0825,2015-06-25 00:00:00,2038-09-03 00:00:00,7,6,22.0,448360,agriculture,Issued - Active,L35/0825-M1,Compliance Volume,2013-07-17 15:00:00,2019-07-22 11:30:00
CRC990424.1,Surface Water,A,M35/0199,2007-09-03 00:00:00,2033-10-21 00:00:00,7,6,22.0,693868,agriculture,Issued - Active,M35/0199-M1,Compliance Volume,2012-06-06 01:15:00,2019-07-23 02:30:00
CRC182809,Surface Water,A,M35/9028,2018-03-22 00:00:00,2033-03-22 00:00:00,7,6,22.0,693868,agriculture,Issued - Active,M35/9028-M1,Compliance Volume,2011-10-27 11:45:00,2019-07-22 00:00:00
CRC143253,Surface Water,A,M35/6303,2013-12-09 00:00:00,2025-01-01 00:00:00,7,6,22.0,693868,agriculture,Issued - Active,M35/6303-M1,Compliance Volume,2013-11-08 17:00:00,2019-07-22 00:00:00
CRC991423,Surface Water,A,L35/0176,2004-09-09 00:00:00,2039-09-08 00:00:00,7,6,21.0,662329,water_supply,Issued - Active,,,,
CRC991423,Surface Water,A,L35/0534,2004-09-09 00:00:00,2039-09-08 00:00:00,7,6,21.0,662329,water_supply,Issued - Active,,,,
CRC157134,Groundwater,A,M35/2773,2015-04-28 00:00:00,2032-07-01 00:00:00,7,6,21.0,86411,agriculture,Issued - Active,M35/2773-M1,Compliance Volume,2009-05-14 06:02:45,2019-07-22 00:00:00
CRC991423,Surface Water,A,L35/0245,2004-09-09 00:00:00,2039-09-08 00:00:00,7,6,21.0,662329,water_supply,Issued - Active,,,,
CRC176065,Groundwater,A,M35/10725,2017-05-19 00:00:00,2031-11-23 00:00:00,7,6,21.0,208000,agriculture,Issued - Active,,,,
CRC083249,Groundwater,A,M35/17624,2014-07-10 00:00:00,2024-07-10 00:00:00,7,6,20.0,115560,agriculture,Issued - Active,,,,
CRC180669,Groundwater,A,BW22/0087,2017-10-19 00:00:00,2032-10-19 00:00:00,7,6,20.0,175596,agriculture,Terminated - Replaced,,,,
CRC182545,Groundwater,A,BW23/0401,2017-11-16 00:00:00,2023-12-18 00:00:00,7,6,20.0,178507,agriculture,Issued - Active,,,,
CRC190980,Surface Water,A,L34/0063,2018-08-10 00:00:00,2035-06-29 00:00:00,7,6,20.0,189795,agriculture,Issued - Active,,,,
CRC186088,Groundwater,A,BW22/0087,2018-07-13 00:00:00,2031-04-10 00:00:00,7,6,20.0,211938,agriculture,Issued - Active,,,,
CRC158052,Surface Water,A,L35/0825,2015-06-25 00:00:00,2038-09-03 00:00:00,7,6,20.0,630789,agriculture,Issued - Active,L35/0825-M1,Compliance Volume,2013-07-17 15:00:00,2019-07-22 11:30:00
CRC141422,Groundwater,A,BW22/0022,2014-04-10 00:00:00,2024-04-10 00:00:00,7,6,20.0,317800,agriculture,Issued - Active,,,,
CRC000624.1,Groundwater,A,M35/8584,2010-05-31 00:00:00,2034-11-02 00:00:00,7,6,20.0,655200,other,Issued - Active,,,,
CRC144704,Surface Water,A,M35/6527,2014-07-11 00:00:00,2024-07-11 00:00:00,7,6,20.0,630789,agriculture,Issued - Active,,,,
CRC154056,Groundwater,A,L35/0699,2015-01-16 00:00:00,2025-01-16 00:00:00,7,6,20.0,154140,agriculture,Issued - Active,,,,
CRC154056,Groundwater,In Waitaki,L35/0699,2015-01-16 00:00:00,2025-01-16 00:00:00,7,6,20.0,630789,agriculture,Issued - Active,,,,
CRC155618,Surface Water,A,BW22/0025,2015-03-26 00:00:00,2024-05-07 00:00:00,7,6,20.0,630789,agriculture,Issued - Active,BW22/0025-M1,Compliance Volume,2015-01-14 09:15:00,2019-07-22 23:45:00
CRC180215,Surface Water,A,K35/0031,2017-07-11 00:00:00,2034-02-09 00:00:00,7,6,19.6,618173,other,Issued - Active,K35/0031-M1,Compliance Volume,2015-05-29 00:00:00,2019-07-22 12:15:00
CRC155618,Surface Water,A,L35/0043,2015-03-26 00:00:00,2024-05-07 00:00:00,7,6,19.0,599250,agriculture,Issued - Active,L35/0043-M1,Compliance Volume,2010-10-10 14:00:00,2019-07-22 23:45:00
CRC183360,Groundwater,A,L35/1043,2018-07-24 00:00:00,2033-07-24 00:00:00,7,6,19.0,203295,agriculture,Issued - Active,,,,
CRC172416,Groundwater,A,M35/11380,2016-10-21 00:00:00,2031-10-21 00:00:00,7,6,19.0,106600,agriculture,Issued - Active,M35/11380-M1,Compliance Volume,2008-02-18 09:00:00,2019-07-22 00:00:00
CRC190187,Groundwater,A,M35/5708,2018-06-22 00:00:00,2032-07-01 00:00:00,7,6,18.7,198650,agriculture,Issued - Active,,,,
CRC186088,Groundwater,A,L35/0864,2018-07-13 00:00:00,2031-04-10 00:00:00,7,6,18.42,211938,agriculture,Issued - Active,,,,
CRC180669,Groundwater,A,L35/0864,2017-10-19 00:00:00,2032-10-19 00:00:00,7,6,18.4,175596,agriculture,Terminated - Replaced,,,,
CRC185810,Groundwater,A,M35/7626,2018-06-07 00:00:00,2032-03-26 00:00:00,7,6,18.3,404342,agriculture,Issued - Active,M35/7626-M1,Compliance Volume,2014-02-17 12:19:48,2019-07-22 11:15:00
CRC030501.1,Groundwater,A,M35/9421,2003-09-24 00:00:00,2035-08-31 00:00:00,7,6,18.0,114889,agriculture,Issued - Active,,,,
CRC970483,Groundwater,A,M35/4495,1997-09-12 00:00:00,2032-07-01 00:00:00,7,6,18.0,64020,agriculture,Issued - Active,,,,
CRC155618,Surface Water,A,L35/0048,2015-03-26 00:00:00,2024-05-07 00:00:00,7,6,18.0,567710,agriculture,Issued - Active,L35/0048-M1,Compliance Volume,2009-09-15 12:00:00,2019-07-22 23:45:00
CRC147101,Surface Water,A,M35/0048,2014-06-27 00:00:00,2024-06-27 00:00:00,7,6,18.0,567710,agriculture,Issued - Active,M35/0048-M1,Compliance Volume,2013-10-23 16:45:00,2019-07-22 11:00:00
CRC163175,Groundwater,A,BW22/0063,2015-11-26 00:00:00,2039-04-29 00:00:00,7,6,18.0,101850,agriculture,Issued - Active,,,,
CRC042826,Groundwater,A,L35/0279,2004-09-29 00:00:00,2039-09-29 00:00:00,7,6,18.0,567710,agriculture,Issued - Active,L35/0279-M1,Compliance Volume,2012-06-30 23:45:00,2019-07-22 23:45:00
CRC972229.1,Groundwater,A,M35/0947,2009-07-10 00:00:00,2032-07-01 00:00:00,7,6,18.0,100812,agriculture,Issued - Active,,,,
CRC146632,Groundwater,A,M35/9431,2014-07-10 00:00:00,2028-02-13 00:00:00,7,6,17.5,216216,agriculture,Issued - Active,,,,
CRC146632,Groundwater,A,BX23/0270,2014-07-10 00:00:00,2028-02-13 00:00:00,7,6,17.5,216216,agriculture,Issued - Active,,,,
CRC020696.2,Groundwater,A,L35/0704,2005-07-22 00:00:00,2035-01-31 00:00:00,7,6,17.5,201393,agriculture,Issued - Active,,,,
CRC990958.1,Surface Water,A,L35/0908,2007-03-21 00:00:00,2031-01-24 00:00:00,7,6,17.5,224943,agriculture,Issued - Active,L35/0908-M1,Compliance Volume,2012-08-24 16:15:00,2019-07-23 14:00:00
CRC990958.1,Surface Water,A,L35/0909,2007-03-21 00:00:00,2031-01-24 00:00:00,7,6,17.5,224943,agriculture,Issued - Active,L35/0909-M1,Compliance Volume,2012-08-24 16:15:00,2019-07-23 14:00:00
CRC182809,Groundwater,A,M35/9028,2018-03-22 00:00:00,2033-03-22 00:00:00,7,6,17.38,424633,agriculture,Issued - Active,M35/9028-M1,Compliance Volume,2011-10-27 11:45:00,2019-07-22 00:00:00
CRC181757,Groundwater,A,BW22/0069,2017-10-19 00:00:00,2032-10-19 00:00:00,7,6,17.14,175596,agriculture,Issued - Active,,,,
CRC011891.2,Surface Water,A,M35/9004,2008-07-04 00:00:00,2039-06-01 00:00:00,7,6,17.0,536171,agriculture,Issued - Active,M35/9004-M1,Compliance Volume,2013-11-19 13:30:00,2019-07-22 00:00:00
CRC020551.1,Surface Water,A,M35/8651,2007-06-28 00:00:00,2035-08-31 00:00:00,7,6,17.0,536171,agriculture,Issued - Active,M35/8651-M1,Compliance Volume,2012-02-16 15:23:32,2019-07-22 00:00:00
CRC147101,Groundwater,A,M35/0049,2014-06-27 00:00:00,2024-06-27 00:00:00,7,6,17.0,567025,agriculture,Issued - Active,M35/0049-M1,Compliance Volume,2013-09-14 15:00:00,2019-07-22 11:00:00
CRC162515,Groundwater,A,M35/7666,2015-11-10 00:00:00,2030-11-10 00:00:00,7,6,17.0,127924,agriculture,Issued - Active,M35/7666-M1,Compliance Volume,2008-11-05 15:13:20,2019-07-23 03:00:00
CRC082977.1,Surface Water,A,M35/9344,2010-11-26 00:00:00,2020-03-10 00:00:00,7,6,17.0,536171,agriculture,Issued - Active,M35/9344-M1,Compliance Volume,2008-11-05 14:38:29,2019-07-22 00:00:00
CRC190426,Surface Water,A,M35/9344,2018-08-02 00:00:00,2033-08-02 00:00:00,7,6,17.0,536171,agriculture,Issued - Active,M35/9344-M1,Compliance Volume,2008-11-05 14:38:29,2019-07-22 00:00:00
CRC147547,Surface Water,A,L35/0304,2014-07-22 00:00:00,2025-01-01 00:00:00,7,6,16.0,504631,agriculture,Issued - Active,,,,
CRC971333.2,Surface Water,A,M35/1752,2008-05-29 00:00:00,2032-07-01 00:00:00,7,6,16.0,504631,industry,Issued - Active,M35/1752-M1,Compliance Volume,2003-08-26 00:00:00,2019-07-22 11:30:00
CRC131813,Groundwater,A,M35/1674,2013-01-30 00:00:00,2038-05-30 00:00:00,7,6,16.0,62419,industry,Issued - Active,,,,
CRC162515,Groundwater,A,M35/7622,2015-11-10 00:00:00,2030-11-10 00:00:00,7,6,16.0,127924,agriculture,Issued - Active,M35/7622-M1,Compliance Volume,2014-01-14 07:45:00,2019-07-23 01:45:00
CRC971972,Groundwater,A,M35/0960,1997-10-14 00:00:00,2032-07-01 00:00:00,7,6,15.8,196545,agriculture,Issued - Active,M35/0960-M1,Compliance Volume,2014-07-01 01:00:00,2019-07-22 00:00:00
CRC971972,Groundwater,A,M35/6765,1997-10-14 00:00:00,2032-07-01 00:00:00,7,6,15.8,196545,agriculture,Issued - Active,,,,
CRC185810,Groundwater,A,M35/7627,2018-06-07 00:00:00,2032-03-26 00:00:00,7,6,15.3,404342,agriculture,Issued - Active,M35/7627-M1,Compliance Volume,2014-02-17 17:26:15,2019-07-22 11:45:00
CRC182809,Groundwater,A,M35/9030,2018-03-22 00:00:00,2033-03-22 00:00:00,7,6,15.06,424633,agriculture,Issued - Active,M35/9030-M1,Compliance Volume,2011-11-01 07:00:00,2019-07-22 00:00:00
CRC176221,Groundwater,A,M35/7065,2017-05-29 00:00:00,2029-04-27 00:00:00,7,6,15.0,247000,agriculture,Issued - Active,M35/7065-M1,Compliance Volume,2013-07-03 02:30:00,2019-07-22 00:00:00
CRC161732,Groundwater,A,M35/1811,2015-09-06 00:00:00,2035-08-31 00:00:00,7,6,15.0,142538,agriculture,Issued - Active,,,,
CRC990771,Groundwater,A,M35/3409,1999-09-20 00:00:00,2034-09-17 00:00:00,7,6,15.0,262080,industry,Issued - Active,,,,
CRC041190,Surface Water,A,M35/9786,2004-02-13 00:00:00,2039-02-12 00:00:00,7,6,15.0,473092,agriculture,Issued - Active,M35/9786-M1,Compliance Volume,2009-09-10 17:00:00,2019-07-23 02:30:00
CRC060388.3,Groundwater,A,L35/0875,2012-08-31 00:00:00,2040-12-13 00:00:00,7,6,15.0,215000,agriculture,Issued - Active,,,,
CRC162515,Groundwater,A,M35/8398,2015-11-10 00:00:00,2030-11-10 00:00:00,7,6,15.0,127924,agriculture,Issued - Active,M35/8398-M1,Compliance Volume,2014-01-09 12:00:00,2019-07-23 02:00:00
CRC183475,Surface Water,A,M35/6984,2018-12-21 00:00:00,2032-07-01 00:00:00,7,6,15.0,473092,agriculture,Issued - Active,M35/6984-M1,Compliance Volume,2014-06-30 23:45:00,2019-07-22 00:00:00
CRC147101,Surface Water,A,M35/0049,2014-06-27 00:00:00,2024-06-27 00:00:00,7,6,15.0,473092,agriculture,Issued - Active,M35/0049-M1,Compliance Volume,2013-09-14 15:00:00,2019-07-22 11:00:00
CRC085044,Groundwater,A,L35/0863,2016-09-08 00:00:00,2026-09-08 00:00:00,7,6,15.0,183750,agriculture,Issued - Active,,,,
CRC182085,Surface Water,A,M35/11906,2018-05-23 00:00:00,2033-05-23 00:00:00,7,6,15.0,473092,agriculture,Issued - Active,M35/11906-M1,Compliance Volume,2012-11-06 10:15:00,2019-07-23 02:30:00
CRC971972,Groundwater,A,M35/5961,1997-10-14 00:00:00,2032-07-01 00:00:00,7,6,14.8,196545,agriculture,Issued - Active,M35/5961-M1,Compliance Volume,2014-06-25 11:00:00,2019-07-22 00:00:00
CRC137029,Groundwater,A,M35/0204,2013-08-07 00:00:00,2023-08-07 00:00:00,7,6,14.0,572496,agriculture,Issued - Active,M35/0204-M1,Compliance Volume,2013-11-09 12:00:00,2019-07-22 00:00:00
CRC175976,Groundwater,A,M35/7854,2017-05-15 00:00:00,2032-12-23 00:00:00,7,6,14.0,130000,agriculture,Issued - Active,,,,
CRC971160,Surface Water,A,M35/4225,1998-03-17 00:00:00,2032-07-01 00:00:00,7,6,14.0,441552,agriculture,Issued - Active,,,,
CRC970974,Surface Water,A,M35/3485,1997-12-24 00:00:00,2032-07-01 00:00:00,7,6,14.0,441552,agriculture,Issued - Active,M35/3485-M1,Compliance Volume,2012-04-24 19:15:00,2019-07-22 00:00:00
CRC970974,Surface Water,A,M35/3486,1997-12-24 00:00:00,2032-07-01 00:00:00,7,6,14.0,441552,agriculture,Issued - Active,,,,
CRC182085,Surface Water,A,M35/11970,2018-05-23 00:00:00,2033-05-23 00:00:00,7,6,14.0,441552,agriculture,Issued - Active,,,,
CRC183360,Groundwater,A,L35/0989,2018-07-24 00:00:00,2033-07-24 00:00:00,7,6,14.0,203295,agriculture,Issued - Active,L35/0989-M1,Compliance Volume,2010-10-10 11:00:00,2019-07-22 23:45:00
CRC147101,Groundwater,A,M35/0048,2014-06-27 00:00:00,2024-06-27 00:00:00,7,6,14.0,567025,agriculture,Issued - Active,M35/0048-M1,Compliance Volume,2013-10-23 16:45:00,2019-07-22 11:00:00
CRC040372,Surface Water,A,M35/9785,2003-12-01 00:00:00,2038-11-27 00:00:00,7,6,14.0,441552,agriculture,Issued - Active,M35/9785-M1,Compliance Volume,2009-05-04 14:00:00,2019-07-23 02:45:00
CRC991053,Surface Water,A,K34/0027,1998-12-24 00:00:00,2033-12-23 00:00:00,7,6,13.8,435244,water_supply,Issued - Active,,,,
CRC190346,Groundwater,A,M35/6196,2018-07-13 00:00:00,2032-06-19 00:00:00,7,6,13.7,141893,agriculture,Issued - Active,,,,
CRC145654,Groundwater,A,M35/1763,2013-12-05 00:00:00,2023-08-02 00:00:00,7,6,13.0,31500,agriculture,Issued - Active,M35/1763-M1,Compliance Volume,2013-11-29 14:45:00,2019-07-23 02:30:00
CRC970776,Surface Water,A,L35/0532,1996-10-21 00:00:00,2031-10-16 00:00:00,7,6,13.0,410013,agriculture,Issued - Active,L35/0532-M1,Compliance Volume,2014-10-09 10:00:00,2019-07-22 00:00:00
CRC182809,Groundwater,A,M35/9027,2018-03-22 00:00:00,2033-03-22 00:00:00,7,6,12.38,424633,agriculture,Issued - Active,M35/9027-M1,Compliance Volume,2011-11-01 07:00:00,2019-07-22 00:00:00
CRC166592,Surface Water,A,L35/0071,2016-06-03 00:00:00,2036-05-18 00:00:00,7,6,12.0,378473,water_supply,Issued - Active,,,,
CRC042826,Surface Water,A,L35/0279,2004-09-29 00:00:00,2039-09-29 00:00:00,7,6,12.0,378473,agriculture,Issued - Active,L35/0279-M1,Compliance Volume,2012-06-30 23:45:00,2019-07-22 23:45:00
CRC085073,Groundwater,A,L35/1048,2015-04-14 00:00:00,2025-04-14 00:00:00,7,6,12.0,158157,agriculture,Issued - Active,,,,
CRC176313,Groundwater,A,L35/1065,2017-05-12 00:00:00,2024-05-06 00:00:00,7,6,12.0,106946,agriculture,Issued - Active,,,,
CRC085073,Groundwater,A,L35/1049,2015-04-14 00:00:00,2025-04-14 00:00:00,7,6,12.0,158157,agriculture,Issued - Active,,,,
CRC170429,Groundwater,A,M35/11643,2016-10-27 00:00:00,2031-10-27 00:00:00,7,6,12.0,109500,industry,Issued - Active,M35/11643-M1,Compliance Volume,2013-12-17 09:39:00,2019-07-23 03:00:00
CRC971942,Groundwater,A,M35/3327,1997-09-12 00:00:00,2032-07-01 00:00:00,7,6,11.9,47128,agriculture,Issued - Active,M35/3327-M1,Compliance Volume,2015-09-18 00:15:00,2019-07-22 00:00:00
CRC052599,Groundwater,A,L35/0697,2005-04-14 00:00:00,2040-04-13 00:00:00,7,6,11.5,131246,agriculture,Issued - Active,,,,
CRC052599,Groundwater,A,L35/0565,2005-04-14 00:00:00,2040-04-13 00:00:00,7,6,11.5,131246,agriculture,Issued - Active,,,,
CRC181757,Groundwater,A,BW22/0087,2017-10-19 00:00:00,2032-10-19 00:00:00,7,6,11.43,175596,agriculture,Issued - Active,,,,
CRC183483,Groundwater,A,M35/1746,2018-12-21 00:00:00,2030-08-02 00:00:00,7,6,11.3,31240,agriculture,Issued - Active,,,,
CRC971107,Groundwater,A,M35/1746,1997-12-09 00:00:00,2032-07-01 00:00:00,7,6,11.3,43616,agriculture,Issued - Active,,,,
CRC131813,Groundwater,A,M35/3505,2013-01-30 00:00:00,2038-05-30 00:00:00,7,6,11.0,62419,industry,Issued - Active,M35/3505-M1,Compliance Volume,2013-07-01 06:15:00,2019-07-22 11:15:00
CRC990927,Groundwater,A,M35/0181,2006-04-04 00:00:00,2041-03-31 00:00:00,7,6,11.0,239258,water_supply,Issued - Active,,,,
CRC166046,Surface Water,A,M35/1647,2016-09-07 00:00:00,2032-07-01 00:00:00,7,6,11.0,346934,agriculture,Issued - Active,,,,
CRC990926.1,Surface Water,A,L35/0327,2008-05-16 00:00:00,2034-08-04 00:00:00,7,6,11.0,346934,water_supply,Issued - Active,,,,
CRC990926.1,Surface Water,A,L35/0576,2008-05-16 00:00:00,2034-08-04 00:00:00,7,6,11.0,346934,water_supply,Issued - Active,,,,
CRC991057,Surface Water,A,K33/0001,1999-08-12 00:00:00,2034-02-09 00:00:00,7,6,11.0,346934,water_supply,Issued - Active,,,,
CRC131813,Groundwater,A,M35/1182,2013-01-30 00:00:00,2038-05-30 00:00:00,7,6,11.0,62419,industry,Issued - Active,M35/1182-M1,Compliance Volume,2013-07-23 09:30:00,2019-07-22 12:00:00
CRC166592,Surface Water,A,BW22/0065,2016-06-03 00:00:00,2036-05-18 00:00:00,7,6,11.0,346934,water_supply,Issued - Active,,,,
CRC137029,Surface Water,A,M35/0204,2013-08-07 00:00:00,2023-08-07 00:00:00,7,6,11.0,346934,agriculture,Issued - Active,M35/0204-M1,Compliance Volume,2013-11-09 12:00:00,2019-07-22 00:00:00
CRC010795,Groundwater,A,M35/0956,2001-05-07 00:00:00,2035-08-31 00:00:00,7,6,10.7,36004,agriculture,Issued - Active,,,,
CRC971360.1,Groundwater,A,M35/1185,1999-03-18 00:00:00,2032-01-15 00:00:00,7,6,10.6,28379,agriculture,Issued - Active,M35/1185-M1,Compliance Volume,2016-07-06 00:00:00,2019-07-22 11:00:00
CRC990473,Surface Water,A,M35/10994,1998-12-05 00:00:00,2033-12-03 00:00:00,7,6,10.6,101177,agriculture,Issued - Active,M35/10994-M1,Compliance Volume,2016-01-28 11:45:00,2019-07-22 11:30:00
CRC166270,Groundwater,A,M35/10984,2016-03-17 00:00:00,2031-03-17 00:00:00,7,6,10.0,163800,industry,Issued - Active,,,,
CRC091935,Groundwater,A,L35/1061,2015-05-14 00:00:00,2025-05-14 00:00:00,7,6,10.0,125580,agriculture,Issued - Active,,,,
CRC152387,Groundwater,A,L35/0339,2014-10-17 00:00:00,2024-08-04 00:00:00,7,6,10.0,334763,agriculture,Issued - Active,L35/0339-M1,Compliance Volume,2013-04-12 22:30:00,2019-07-22 00:00:00
CRC167773,Groundwater,A,L35/0857,2016-05-23 00:00:00,2031-05-23 00:00:00,7,6,10.0,54750,stockwater,Issued - Active,,,,
CRC091935,Groundwater,A,BW22/0066,2015-05-14 00:00:00,2025-05-14 00:00:00,7,6,10.0,125580,agriculture,Issued - Active,,,,
CRC091935,Groundwater,A,BW22/0067,2015-05-14 00:00:00,2025-05-14 00:00:00,7,6,10.0,125580,agriculture,Issued - Active,,,,
CRC150518,Groundwater,A,M35/8905,2014-09-04 00:00:00,2029-09-04 00:00:00,7,6,10.0,62807,agriculture,Issued - Active,M35/8905-M1,Compliance Volume,2015-04-21 15:00:00,2019-07-22 00:00:00
CRC155932,Surface Water,AA,L35/0933,2015-08-28 00:00:00,2028-11-05 00:00:00,7,6,10.0,73950,water_supply,Issued - Active,,,,
CRC981719,Groundwater,A,M35/8034,1998-06-15 00:00:00,2033-06-10 00:00:00,7,6,10.0,115754,agriculture,Issued - Active,,,,
CRC185204,Surface Water,A,M35/9902,2018-05-04 00:00:00,2039-09-16 00:00:00,7,6,10.0,315395,agriculture,Issued - Active,M35/9902-M1,Compliance Volume,2014-02-14 13:08:57,2019-07-22 00:00:00
CRC157457,Groundwater,A,BW23/0257,2015-07-02 00:00:00,2020-08-02 00:00:00,7,6,10.0,530000,agriculture,Issued - Active,,,,
CRC147101,Surface Water,A,M35/0060,2014-06-27 00:00:00,2024-06-27 00:00:00,7,6,10.0,315395,agriculture,Issued - Active,M35/0060-M1,Compliance Volume,2013-09-14 15:00:00,2019-07-21 11:00:00
CRC040267.1,Groundwater,A,M35/9769,2008-07-09 00:00:00,2038-10-13 00:00:00,7,6,10.0,173628,industry,Issued - Active,,,,
CRC176313,Groundwater,A,L35/0951,2017-05-12 00:00:00,2024-05-06 00:00:00,7,6,10.0,106946,agriculture,Issued - Active,,,,
CRC091935,Groundwater,A,L35/1062,2015-05-14 00:00:00,2025-05-14 00:00:00,7,6,10.0,125580,agriculture,Issued - Active,,,,
CRC110834.1,Groundwater,A,L35/1101,2012-07-04 00:00:00,2039-03-05 00:00:00,7,6,9.9,82685,agriculture,Issued - Active,,,,
CRC110834.1,Groundwater,A,L35/1100,2012-07-04 00:00:00,2039-03-05 00:00:00,7,6,9.9,82685,agriculture,Issued - Active,,,,
CRC157134,Surface Water,A,M35/2773,2015-04-28 00:00:00,2032-07-01 00:00:00,7,6,9.0,283855,agriculture,Issued - Active,M35/2773-M1,Compliance Volume,2009-05-14 06:02:45,2019-07-22 00:00:00
CRC147101,Groundwater,A,M35/7217,2014-06-27 00:00:00,2024-06-27 00:00:00,7,6,9.0,567025,agriculture,Issued - Active,M35/7217-M1,Compliance Volume,2013-10-31 19:15:00,2019-07-22 11:15:00
CRC972759.1,Groundwater,A,M35/0914,1999-06-08 00:00:00,2032-11-19 00:00:00,7,6,9.0,36641,water_supply,Issued - Active,,,,
CRC040372,Groundwater,A,M35/9785,2003-12-01 00:00:00,2038-11-27 00:00:00,7,6,9.0,259647,agriculture,Issued - Active,M35/9785-M1,Compliance Volume,2009-05-04 14:00:00,2019-07-23 02:45:00
CRC190346,Surface Water,A,M35/6196,2018-07-13 00:00:00,2032-06-19 00:00:00,7,6,9.0,283855,agriculture,Issued - Active,,,,
CRC181513,Groundwater,A,L35/0992,2017-10-11 00:00:00,2032-10-11 00:00:00,7,6,9.0,78544,agriculture,Issued - Active,,,,
CRC131813,Surface Water,A,M35/1182,2013-01-30 00:00:00,2038-05-30 00:00:00,7,6,9.0,283855,industry,Issued - Active,M35/1182-M1,Compliance Volume,2013-07-23 09:30:00,2019-07-22 12:00:00
CRC131813,Surface Water,A,M35/3505,2013-01-30 00:00:00,2038-05-30 00:00:00,7,6,9.0,283855,industry,Issued - Active,M35/3505-M1,Compliance Volume,2013-07-01 06:15:00,2019-07-22 11:15:00
CRC161631,Groundwater,A,M35/7258,2015-09-03 00:00:00,2030-11-29 00:00:00,7,6,9.0,102359,agriculture,Issued - Active,M35/7258-M1,Compliance Volume,2017-01-09 00:15:00,2019-07-22 00:00:00
CRC158041,Surface Water,A,L35/0771,2015-06-25 00:00:00,2038-05-13 00:00:00,7,6,8.0,252316,agriculture,Issued - Active,L35/0771-M1,Compliance Volume,2017-04-12 17:59:08,2019-07-22 11:15:00
CRC170082,Groundwater,A,M35/8428,2016-06-27 00:00:00,2033-12-09 00:00:00,7,6,8.0,252316,agriculture,Issued - Active,M35/8428-M1,Compliance Volume,2011-09-30 11:45:00,2019-07-23 01:00:00
CRC143253,Groundwater,A,M35/6303,2013-12-09 00:00:00,2025-01-01 00:00:00,7,6,8.0,435000,agriculture,Issued - Active,M35/6303-M1,Compliance Volume,2013-11-08 17:00:00,2019-07-22 00:00:00
CRC172240,Groundwater,A,L35/1027,2016-12-05 00:00:00,2023-12-13 00:00:00,7,6,8.0,427142,agriculture,Issued - Active,,,,
CRC172640,Groundwater,A,M35/7327,2016-10-12 00:00:00,2030-12-13 00:00:00,7,6,8.0,65000,agriculture,Issued - Active,,,,
CRC041190,Groundwater,A,M35/9786,2004-02-13 00:00:00,2039-02-12 00:00:00,7,6,8.0,255897,agriculture,Issued - Active,M35/9786-M1,Compliance Volume,2009-09-10 17:00:00,2019-07-23 02:30:00
CRC970527,Groundwater,A,M35/0934,1997-09-12 00:00:00,2032-07-01 00:00:00,7,6,7.5,100752,agriculture,Issued - Active,,,,
CRC167628,Groundwater,A,M35/8893,2016-04-08 00:00:00,2038-03-26 00:00:00,7,6,7.5,86883,agriculture,Issued - Active,M35/8893-M1,Compliance Volume,2018-12-12 13:01:33,2019-07-22 11:00:00
CRC163175,Groundwater,A,L35/0721,2015-11-26 00:00:00,2039-04-29 00:00:00,7,6,7.0,101850,agriculture,Issued - Active,L35/0721-M1,Compliance Volume,2013-01-08 16:00:00,2019-07-22 23:45:00
CRC970849,Surface Water,A,M35/3420,1997-12-09 00:00:00,2032-07-01 00:00:00,7,6,7.0,220776,agriculture,Issued - Active,,,,
CRC185810,Surface Water,A,M35/7627,2018-06-07 00:00:00,2032-03-26 00:00:00,7,6,7.0,220776,agriculture,Issued - Active,M35/7627-M1,Compliance Volume,2014-02-17 17:26:15,2019-07-22 11:45:00
CRC163175,Surface Water,A,L35/0782,2015-11-26 00:00:00,2039-04-29 00:00:00,7,6,7.0,220776,agriculture,Issued - Active,L35/0782-M1,Compliance Volume,2012-09-17 15:45:00,2019-07-22 23:45:00
CRC130459,Groundwater,A,M35/18743,2012-09-28 00:00:00,2022-09-28 00:00:00,7,6,7.0,158168,agriculture,Issued - Active,,,,
CRC170082,Surface Water,A,M35/8428,2016-06-27 00:00:00,2033-12-09 00:00:00,7,6,7.0,220776,agriculture,Issued - Active,M35/8428-M1,Compliance Volume,2011-09-30 11:45:00,2019-07-23 01:00:00
CRC194898,Groundwater,A,M35/1204,2019-07-02 00:00:00,2028-12-01 00:00:00,7,6,7.0,98650,agriculture,Issued - Active,,,,
CRC181524,Surface Water,A,M35/17628,2018-04-06 00:00:00,2024-01-15 00:00:00,7,6,7.0,220776,agriculture,Issued - Active,,,,
CRC172241,Groundwater,A,L35/0738,2016-12-05 00:00:00,2023-12-13 00:00:00,7,6,7.0,68715,stockwater,Issued - Active,,,,
CRC144773,Groundwater,A,BW22/0070,2015-12-14 00:00:00,2050-12-14 00:00:00,7,6,7.0,220752,water_supply,Issued - Active,,,,
CRC173829,Surface Water,A,BW23/0381,2017-03-02 00:00:00,2024-02-07 00:00:00,7,6,7.0,220776,agriculture,Issued - Active,BW23/0381-M1,Compliance Volume,2017-09-21 00:30:00,2019-07-22 00:00:00
CRC971613.4,Groundwater,A,M35/2821,2007-06-18 00:00:00,2032-07-01 00:00:00,7,6,7.0,7269,agriculture,Issued - Active,,,,
CRC971160,Groundwater,A,M35/4225,1998-03-17 00:00:00,2032-07-01 00:00:00,7,6,6.9,208882,agriculture,Issued - Active,,,,
CRC980272.1,Groundwater,A,M35/4875,2003-02-18 00:00:00,2032-09-24 00:00:00,7,6,6.8,14954,agriculture,Issued - Active,,,,
CRC011389,Groundwater,A,L35/0681,2001-02-09 00:00:00,2036-02-08 00:00:00,7,6,6.8,89180,stockwater,Issued - Active,,,,
CRC192637,Surface Water,B,L35/1092,2018-12-03 00:00:00,2019-11-10 00:00:00,10,4,6.5,30888,agriculture,Issued - Active,,,,
CRC970849,Groundwater,A,M35/0959,1997-12-09 00:00:00,2032-07-01 00:00:00,7,6,6.2,53350,agriculture,Issued - Active,,,,
CRC155618,Groundwater,A,L35/0048,2015-03-26 00:00:00,2024-05-07 00:00:00,7,6,6.2,195545,agriculture,Issued - Active,L35/0048-M1,Compliance Volume,2009-09-15 12:00:00,2019-07-22 23:45:00
CRC970849,Groundwater,A,M35/0953,1997-12-09 00:00:00,2032-07-01 00:00:00,7,6,6.2,53350,agriculture,Issued - Active,M35/0953-M1,Compliance Volume,2012-03-13 12:15:00,2019-07-22 11:15:00
CRC172863,Surface Water,A,M35/11921,2016-11-17 00:00:00,2023-10-25 00:00:00,7,6,6.0,189237,agriculture,Issued - Active,M35/11921-M1,Compliance Volume,2014-03-03 12:00:00,2019-07-22 00:00:00
CRC183482,Groundwater,A,BX23/0838,2018-12-21 00:00:00,2030-08-02 00:00:00,7,6,6.0,8453,agriculture,Issued - Active,,,,
CRC000744.1,Groundwater,A,L35/0665,2008-05-29 00:00:00,2034-12-09 00:00:00,7,6,6.0,189237,agriculture,Issued - Active,L35/0665-M1,Compliance Volume,2008-10-16 12:00:00,2019-07-22 12:30:00
CRC142181,Groundwater,A,M35/6853,2013-12-17 00:00:00,2023-12-17 00:00:00,7,6,6.0,121103,agriculture,Issued - Active,M35/6853-M1,Compliance Volume,2014-05-22 16:30:00,2019-07-22 23:45:00
CRC183360,Surface Water,A,L35/0989,2018-07-24 00:00:00,2033-07-24 00:00:00,7,6,6.0,189237,agriculture,Issued - Active,L35/0989-M1,Compliance Volume,2010-10-10 11:00:00,2019-07-22 23:45:00
CRC163175,Surface Water,A,L35/0783,2015-11-26 00:00:00,2039-04-29 00:00:00,7,6,6.0,189237,agriculture,Issued - Active,L35/0783-M1,Compliance Volume,2013-01-08 15:00:00,2019-07-22 23:45:00
CRC050353,Surface Water,A,M35/10368,2005-03-07 00:00:00,2040-03-04 00:00:00,7,6,6.0,189237,agriculture,Issued - Active,,,,
CRC971972,Surface Water,A,M35/5961,1997-10-14 00:00:00,2032-07-01 00:00:00,7,6,6.0,189237,agriculture,Issued - Active,M35/5961-M1,Compliance Volume,2014-06-25 11:00:00,2019-07-22 00:00:00
CRC152387,Surface Water,A,BW23/0213,2014-10-17 00:00:00,2024-08-04 00:00:00,7,6,6.0,189237,agriculture,Issued - Active,BW23/0213-M1,Compliance Volume,2015-03-22 14:00:00,2019-07-22 00:00:00
CRC152387,Groundwater,A,BW23/0213,2014-10-17 00:00:00,2024-08-04 00:00:00,7,6,6.0,334763,agriculture,Issued - Active,BW23/0213-M1,Compliance Volume,2015-03-22 14:00:00,2019-07-22 00:00:00
CRC140055,Groundwater,A,M35/18677,2014-04-24 00:00:00,2024-04-24 00:00:00,7,6,6.0,31282,stockwater,Issued - Active,,,,
CRC990770,Groundwater,A,M35/1247,1999-09-20 00:00:00,2034-09-17 00:00:00,7,6,6.0,94276,industry,Issued - Active,,,,
CRC940119,Surface Water,A,M35/1692,1993-12-10 00:00:00,2028-12-01 00:00:00,7,6,6.0,189237,agriculture,Issued - Active,,,,
CRC182085,Surface Water,A,M35/18477,2018-05-23 00:00:00,2033-05-23 00:00:00,7,6,6.0,189237,agriculture,Issued - Active,M35/18477-M1,Compliance Volume,2013-07-02 12:30:00,2019-07-23 02:30:00
CRC183360,Groundwater,A,L35/1044,2018-07-24 00:00:00,2033-07-24 00:00:00,7,6,6.0,203295,agriculture,Issued - Active,L35/1044-M1,Compliance Volume,2012-07-18 15:30:00,2019-07-22 23:45:00
CRC155618,Groundwater,A,L35/0043,2015-03-26 00:00:00,2024-05-07 00:00:00,7,6,5.2,164005,agriculture,Issued - Active,L35/0043-M1,Compliance Volume,2010-10-10 14:00:00,2019-07-22 23:45:00
CRC990771,Surface Water,A,M35/3409,1999-09-20 00:00:00,2034-09-17 00:00:00,7,6,5.0,157697,industry,Issued - Active,,,,
CRC970849,Surface Water,A,M35/0959,1997-12-09 00:00:00,2032-07-01 00:00:00,7,6,5.0,157697,agriculture,Issued - Active,,,,
CRC971972,Surface Water,A,M35/6765,1997-10-14 00:00:00,2032-07-01 00:00:00,7,6,5.0,157697,agriculture,Issued - Active,,,,
CRC970974,Groundwater,A,M35/3485,1997-12-24 00:00:00,2032-07-01 00:00:00,7,6,5.0,44014,agriculture,Issued - Active,M35/3485-M1,Compliance Volume,2012-04-24 19:15:00,2019-07-22 00:00:00
CRC970849,Surface Water,A,M35/0953,1997-12-09 00:00:00,2032-07-01 00:00:00,7,6,5.0,157697,agriculture,Issued - Active,M35/0953-M1,Compliance Volume,2012-03-13 12:15:00,2019-07-22 11:15:00
CRC971972,Surface Water,A,M35/0960,1997-10-14 00:00:00,2032-07-01 00:00:00,7,6,5.0,157697,agriculture,Issued - Active,M35/0960-M1,Compliance Volume,2014-07-01 01:00:00,2019-07-22 00:00:00
CRC970974,Groundwater,A,M35/3486,1997-12-24 00:00:00,2032-07-01 00:00:00,7,6,5.0,44014,agriculture,Issued - Active,,,,
CRC158041,Groundwater,A,L35/0771,2015-06-25 00:00:00,2038-05-13 00:00:00,7,6,5.0,168626,agriculture,Issued - Active,L35/0771-M1,Compliance Volume,2017-04-12 17:59:08,2019-07-22 11:15:00
CRC181524,Groundwater,A,M35/18858,2018-04-06 00:00:00,2024-01-15 00:00:00,7,6,5.0,483182,agriculture,Issued - Active,,,,
CRC183360,Groundwater,A,L35/1045,2018-07-24 00:00:00,2033-07-24 00:00:00,7,6,5.0,203295,agriculture,Issued - Active,L35/1045-M1,Compliance Volume,2010-10-13 23:45:00,2019-07-22 23:45:00
CRC176221,Surface Water,A,M35/7065,2017-05-29 00:00:00,2029-04-27 00:00:00,7,6,5.0,157697,agriculture,Issued - Active,M35/7065-M1,Compliance Volume,2013-07-03 02:30:00,2019-07-22 00:00:00
CRC182809,Surface Water,A,M35/9029,2018-03-22 00:00:00,2033-03-22 00:00:00,7,6,5.0,157697,agriculture,Issued - Active,M35/9029-M1,Compliance Volume,2011-12-12 14:00:00,2019-07-22 00:00:00
CRC140034,Groundwater,A,M35/6664,2013-07-10 00:00:00,2023-07-10 00:00:00,7,6,5.0,575045,agriculture,Issued - Active,,,,
CRC040840.1,Surface Water,A,M35/9291,2005-02-01 00:00:00,2039-01-16 00:00:00,7,6,5.0,157697,agriculture,Issued - Active,M35/9291-M1,Compliance Volume,2018-04-21 21:11:48,2019-07-22 11:30:00
CRC137029,Groundwater,A,M35/9338,2013-08-07 00:00:00,2023-08-07 00:00:00,7,6,5.0,572496,agriculture,Issued - Active,M35/9338-M1,Compliance Volume,2011-12-15 12:30:00,2019-07-22 00:00:00
CRC182809,Surface Water,A,M35/9030,2018-03-22 00:00:00,2033-03-22 00:00:00,7,6,5.0,157697,agriculture,Issued - Active,M35/9030-M1,Compliance Volume,2011-11-01 07:00:00,2019-07-22 00:00:00
CRC051657,Groundwater,A,M35/8730,2005-01-28 00:00:00,2040-01-27 00:00:00,7,6,5.0,29200,industry,Issued - Active,,,,
CRC192037,Groundwater,A,M35/10555,2018-10-15 00:00:00,2034-09-08 00:00:00,7,6,4.99,47128,agriculture,Issued - Active,,,,
CRC084300,Groundwater,A,L35/1018,2014-10-07 00:00:00,2029-10-07 00:00:00,7,6,4.95,60000,agriculture,Issued - Active,,,,
CRC163200,Groundwater,A,L35/1016,2015-10-19 00:00:00,2025-03-06 00:00:00,7,6,4.9,59168,stockwater,Issued - Active,,,,
CRC163200,Groundwater,In Waitaki,L35/1016,2015-10-19 00:00:00,2025-03-06 00:00:00,7,6,4.9,154543,stockwater,Issued - Active,,,,
CRC172416,Groundwater,A,M35/11382,2016-10-21 00:00:00,2031-10-21 00:00:00,7,6,4.9,106600,agriculture,Issued - Active,,,,
CRC142866,Groundwater,A,M35/7541,2013-09-10 00:00:00,2031-08-21 00:00:00,7,6,4.8,19322,agriculture,Issued - Active,,,,
CRC971290.1,Groundwater,A,M35/6626,2003-05-20 00:00:00,2032-07-01 00:00:00,7,6,4.7,15317,agriculture,Issued - Active,,,,
CRC962243,Groundwater,A,M35/1698,1996-06-28 00:00:00,2031-06-26 00:00:00,7,6,4.6,117819,agriculture,Issued - Active,,,,
CRC192491,Groundwater,A,BW22/0099,2018-12-20 00:00:00,2025-06-26 00:00:00,7,6,4.5,22500,agriculture,Issued - Active,,,,
CRC192491,Groundwater,A,L35/0095,2018-12-20 00:00:00,2025-06-26 00:00:00,7,6,4.5,22500,agriculture,Issued - Active,,,,
CRC158041,Groundwater,A,L35/0533,2015-06-25 00:00:00,2038-05-13 00:00:00,7,6,4.5,168626,agriculture,Issued - Active,,,,
CRC970849,Groundwater,A,M35/3420,1997-12-09 00:00:00,2032-07-01 00:00:00,7,6,4.2,53350,agriculture,Issued - Active,,,,
CRC155618,Groundwater,A,BW22/0025,2015-03-26 00:00:00,2024-05-07 00:00:00,7,6,4.2,132466,agriculture,Issued - Active,BW22/0025-M1,Compliance Volume,2015-01-14 09:15:00,2019-07-22 23:45:00
CRC185956,Groundwater,A,M35/2814,2018-06-06 00:00:00,2029-10-19 00:00:00,7,6,4.2,54600,industry,Issued - Active,,,,
CRC971603.1,Groundwater,A,M35/1194,2007-11-22 00:00:00,2032-07-01 00:00:00,7,6,4.2,14954,agriculture,Issued - Active,,,,
CRC960441,Surface Water,A,M35/7284,1995-09-29 00:00:00,2030-09-29 00:00:00,7,6,4.0,126158,agriculture,Issued - Active,,,,
CRC051543.2,Surface Water,A,L35/0853,2010-11-03 00:00:00,2040-02-23 00:00:00,7,6,4.0,126158,agriculture,Issued - Active,,,,
CRC131813,Surface Water,A,M35/1674,2013-01-30 00:00:00,2038-05-30 00:00:00,7,6,4.0,126158,industry,Issued - Active,,,,
CRC185810,Surface Water,A,M35/7626,2018-06-07 00:00:00,2032-03-26 00:00:00,7,6,4.0,126158,agriculture,Issued - Active,M35/7626-M1,Compliance Volume,2014-02-17 12:19:48,2019-07-22 11:15:00
CRC050353,Groundwater,A,M35/10368,2005-03-07 00:00:00,2040-03-04 00:00:00,7,6,4.0,121433,agriculture,Issued - Active,,,,
CRC163175,Groundwater,A,L35/0783,2015-11-26 00:00:00,2039-04-29 00:00:00,7,6,4.0,101850,agriculture,Issued - Active,L35/0783-M1,Compliance Volume,2013-01-08 15:00:00,2019-07-22 23:45:00
CRC091935,Surface Water,A,BW22/0067,2015-05-14 00:00:00,2025-05-14 00:00:00,7,6,4.0,126158,agriculture,Issued - Active,,,,
CRC158107,Groundwater,A,L35/0888,2015-07-17 00:00:00,2025-07-17 00:00:00,7,6,4.0,28635,stockwater,Issued - Active,,,,
CRC158107,Groundwater,A,BW22/0009,2015-07-17 00:00:00,2025-07-17 00:00:00,7,6,4.0,28635,stockwater,Issued - Active,,,,
CRC970776,Groundwater,A,L35/0532,1996-10-21 00:00:00,2031-10-16 00:00:00,7,6,4.0,245940,agriculture,Issued - Active,L35/0532-M1,Compliance Volume,2014-10-09 10:00:00,2019-07-22 00:00:00
CRC158107,Groundwater,A,BW22/0008,2015-07-17 00:00:00,2025-07-17 00:00:00,7,6,4.0,28635,stockwater,Issued - Active,,,,
CRC185544,Groundwater,A,M35/11857,2018-07-30 00:00:00,2033-07-30 00:00:00,7,6,4.0,34690,stockwater,Issued - Active,,,,
CRC183203,Surface Water,A,BW24/0352,2018-03-07 00:00:00,2021-12-31 00:00:00,7,6,4.0,126158,industry,Issued - Active,,,,
CRC190187,Surface Water,A,M35/5708,2018-06-22 00:00:00,2032-07-01 00:00:00,7,6,4.0,126158,agriculture,Issued - Active,,,,
CRC193928,Groundwater,A,M35/9301,2019-03-11 00:00:00,2040-03-11 00:00:00,7,6,4.0,25427,agriculture,Issued - Active,,,,
CRC194885,Surface Water,A,BW22/0102,2019-05-13 00:00:00,2033-03-14 00:00:00,7,6,4.0,126158,water_supply,Issued - Active,,,,
CRC147547,Groundwater,A,L35/0304,2014-07-22 00:00:00,2025-01-01 00:00:00,7,6,4.0,245940,agriculture,Issued - Active,,,,
CRC971667.1,Groundwater,A,M35/2824,2002-01-21 00:00:00,2032-07-01 00:00:00,7,6,3.8,22902,agriculture,Issued - Active,,,,
CRC156854,Groundwater,A,M35/9446,2015-11-10 00:00:00,2029-10-29 00:00:00,7,6,3.5,119059,agriculture,Issued - Active,,,,
CRC183482,Groundwater,A,M35/6093,2018-12-21 00:00:00,2030-08-02 00:00:00,7,6,3.3,8453,agriculture,Issued - Active,,,,
CRC191331,Groundwater,A,M35/1336,2018-10-30 00:00:00,2033-09-30 00:00:00,7,6,3.02,240703,water_supply,Issued - Active,,,,
CRC182484,Groundwater,A,M35/10258,2017-11-09 00:00:00,2029-04-22 00:00:00,7,6,3.0,18080,agriculture,Issued - Active,,,,
CRC142181,Surface Water,A,M35/6853,2013-12-17 00:00:00,2023-12-17 00:00:00,7,6,3.0,94618,agriculture,Issued - Active,M35/6853-M1,Compliance Volume,2014-05-22 16:30:00,2019-07-22 23:45:00
CRC130723,Groundwater,A,M35/2689,2013-10-02 00:00:00,2022-04-12 00:00:00,7,6,3.0,198754,agriculture,Issued - Active,M35/2689-M1,Compliance Volume,2014-05-17 05:00:00,2019-07-22 00:00:00
CRC172416,Surface Water,A,M35/11381,2016-10-21 00:00:00,2031-10-21 00:00:00,7,6,3.0,94618,agriculture,Issued - Active,M35/11381-M1,Compliance Volume,2008-02-18 10:00:00,2019-07-22 00:00:00
CRC170429,Surface Water,A,M35/11643,2016-10-27 00:00:00,2031-10-27 00:00:00,7,6,3.0,94618,industry,Issued - Active,M35/11643-M1,Compliance Volume,2013-12-17 09:39:00,2019-07-23 03:00:00
CRC156854,Surface Water,A,M35/9446,2015-11-10 00:00:00,2029-10-29 00:00:00,7,6,3.0,94618,agriculture,Issued - Active,,,,
CRC083249,Surface Water,A,M35/4657,2014-07-10 00:00:00,2024-07-10 00:00:00,7,6,3.0,94618,agriculture,Issued - Active,M35/4657-M1,Compliance Volume,2014-08-26 16:33:00,2019-07-22 11:15:00
CRC183389,Surface Water,A,L35/0976,2018-02-28 00:00:00,2032-09-11 00:00:00,7,6,3.0,94618,agriculture,Issued - Active,,,,
CRC011891.2,Groundwater,A,M35/9004,2008-07-04 00:00:00,2039-06-01 00:00:00,7,6,3.0,254272,agriculture,Issued - Active,M35/9004-M1,Compliance Volume,2013-11-19 13:30:00,2019-07-22 00:00:00
CRC163175,Groundwater,A,L35/0782,2015-11-26 00:00:00,2039-04-29 00:00:00,7,6,3.0,101850,agriculture,Issued - Active,L35/0782-M1,Compliance Volume,2012-09-17 15:45:00,2019-07-22 23:45:00
CRC990424.1,Groundwater,A,M35/0199,2007-09-03 00:00:00,2033-10-21 00:00:00,7,6,3.0,324559,agriculture,Issued - Active,M35/0199-M1,Compliance Volume,2012-06-06 01:15:00,2019-07-23 02:30:00
CRC140055,Groundwater,A,M35/9003,2014-04-24 00:00:00,2024-04-24 00:00:00,7,6,3.0,31282,stockwater,Issued - Active,,,,
CRC161631,Surface Water,A,M35/7258,2015-09-03 00:00:00,2030-11-29 00:00:00,7,6,3.0,94618,agriculture,Issued - Active,M35/7258-M1,Compliance Volume,2017-01-09 00:15:00,2019-07-22 00:00:00
CRC962243,Surface Water,A,M35/1698,1996-06-28 00:00:00,2031-06-26 00:00:00,7,6,3.0,94618,agriculture,Issued - Active,,,,
CRC163175,Surface Water,A,L35/0721,2015-11-26 00:00:00,2039-04-29 00:00:00,7,6,3.0,94618,agriculture,Issued - Active,L35/0721-M1,Compliance Volume,2013-01-08 16:00:00,2019-07-22 23:45:00
CRC940495,Groundwater,A,M35/6946,1993-11-26 00:00:00,2028-11-17 00:00:00,7,6,2.6,7719,water_supply,Issued - Active,,,,
CRC990391,Surface Water,A,K34/0016,1998-10-09 00:00:00,2033-10-07 00:00:00,7,6,2.5,78849,water_supply,Issued - Active,,,,
CRC012361.1,Groundwater,A,L35/0709,2002-05-13 00:00:00,2036-10-19 00:00:00,7,6,2.25,70798,stockwater,Issued - Active,,,,
CRC012361.1,Groundwater,A,L35/0753,2002-05-13 00:00:00,2036-10-19 00:00:00,7,6,2.25,70798,stockwater,Issued - Active,,,,
CRC172640,Surface Water,A,M35/7327,2016-10-12 00:00:00,2030-12-13 00:00:00,7,6,2.0,63079,agriculture,Issued - Active,,,,
CRC167628,Surface Water,A,M35/8893,2016-04-08 00:00:00,2038-03-26 00:00:00,7,6,2.0,63079,agriculture,Issued - Active,M35/8893-M1,Compliance Volume,2018-12-12 13:01:33,2019-07-22 11:00:00
CRC030501.1,Surface Water,A,M35/9421,2003-09-24 00:00:00,2035-08-31 00:00:00,7,6,2.0,63079,agriculture,Issued - Active,,,,
CRC083249,Groundwater,A,M35/4657,2014-07-10 00:00:00,2024-07-10 00:00:00,7,6,2.0,115560,agriculture,Issued - Active,M35/4657-M1,Compliance Volume,2014-08-26 16:33:00,2019-07-22 11:15:00
CRC182780,Groundwater,A,L35/1080,2017-11-30 00:00:00,2039-11-26 00:00:00,7,6,2.0,63079,agriculture,Issued - Active,,,,
CRC990770,Surface Water,A,M35/1247,1999-09-20 00:00:00,2034-09-17 00:00:00,7,6,2.0,63079,industry,Issued - Active,,,,
CRC971360.1,Surface Water,A,M35/1185,1999-03-18 00:00:00,2032-01-15 00:00:00,7,6,2.0,63079,agriculture,Issued - Active,M35/1185-M1,Compliance Volume,2016-07-06 00:00:00,2019-07-22 11:00:00
CRC183474,Groundwater,A,M35/5967,2018-12-21 00:00:00,2032-07-01 00:00:00,7,6,2.0,63079,water_supply,Issued - Active,,,,
CRC193408,Groundwater,A,M35/8314,2019-02-04 00:00:00,2034-07-22 00:00:00,7,6,2.0,29908,agriculture,Issued - Active,,,,
CRC870028,Surface Water,A,K34/0028,1998-02-18 00:00:00,2033-02-12 00:00:00,7,6,2.0,63079,water_supply,Issued - Active,,,,
CRC970483,Surface Water,A,M35/4495,1997-09-12 00:00:00,2032-07-01 00:00:00,7,6,2.0,63079,agriculture,Issued - Active,,,,
CRC020551.1,Groundwater,A,M35/8651,2007-06-28 00:00:00,2035-08-31 00:00:00,7,6,2.0,62360,agriculture,Issued - Active,M35/8651-M1,Compliance Volume,2012-02-16 15:23:32,2019-07-22 00:00:00
CRC183389,Groundwater,A,L35/0976,2018-02-28 00:00:00,2032-09-11 00:00:00,7,6,1.9,25920,agriculture,Issued - Active,,,,
CRC940911,Groundwater,A,M35/1167,1994-05-19 00:00:00,2029-05-18 00:00:00,7,6,1.9,10920,agriculture,Issued - Active,,,,
CRC040840.1,Groundwater,A,M35/9291,2005-02-01 00:00:00,2039-01-16 00:00:00,7,6,1.9,78932,agriculture,Issued - Active,M35/9291-M1,Compliance Volume,2018-04-21 21:11:48,2019-07-22 11:30:00
CRC941321,Surface Water,A,K34/0022,1994-07-11 00:00:00,2029-07-06 00:00:00,7,6,1.5,47309,agriculture,Issued - Active,,,,
CRC991691,Groundwater,A,L35/0279,1999-03-18 00:00:00,2034-03-15 00:00:00,7,6,1.5,3070,agriculture,Issued - Active,L35/0279-M1,Compliance Volume,2012-06-30 23:45:00,2019-07-22 23:45:00
CRC011795,Groundwater,A,M35/6719,2001-04-04 00:00:00,2036-04-03 00:00:00,7,6,1.5,3450,agriculture,Issued - Active,,,,
CRC192754,Surface Water,A,K34/0017,2018-12-10 00:00:00,2034-05-14 00:00:00,7,6,1.4,44155,water_supply,Issued - Active,,,,
CRC193408,Surface Water,A,M35/8314,2019-02-04 00:00:00,2034-07-22 00:00:00,7,6,1.0,31539,agriculture,Issued - Active,,,,
CRC150518,Surface Water,A,M35/8905,2014-09-04 00:00:00,2029-09-04 00:00:00,7,6,1.0,31539,agriculture,Issued - Active,M35/8905-M1,Compliance Volume,2015-04-21 15:00:00,2019-07-22 00:00:00
CRC140055,Surface Water,A,M35/9003,2014-04-24 00:00:00,2024-04-24 00:00:00,7,6,1.0,31539,stockwater,Issued - Active,,,,
CRC173677,Groundwater,A,M35/2477,2017-03-27 00:00:00,2032-03-27 00:00:00,7,6,1.0,11750,agriculture,Issued - Active,,,,
CRC991592,Surface Water,A,K33/0002,1999-02-22 00:00:00,2034-02-18 00:00:00,7,6,1.0,31539,water_supply,Issued - Active,,,,
CRC176085,Groundwater,A,L35/0842,2017-05-23 00:00:00,2039-02-27 00:00:00,7,6,1.0,31539,agriculture,Issued - Active,L35/0842-M1,Compliance Volume,2016-02-18 12:00:20,2019-07-22 12:15:00
CRC960441,Groundwater,A,M35/7284,1995-09-29 00:00:00,2030-09-29 00:00:00,7,6,1.0,71269,agriculture,Issued - Active,,,,
CRC190242,Surface Water,A,M35/1729,2018-07-12 00:00:00,2032-06-19 00:00:00,7,6,1.0,31539,stockwater,Issued - Active,,,,
CRC144704,Groundwater,A,M35/6527,2014-07-11 00:00:00,2024-07-11 00:00:00,7,6,1.0,54102,agriculture,Issued - Active,,,,
CRC183474,Groundwater,A,M35/1742,2018-12-21 00:00:00,2032-07-01 00:00:00,7,6,1.0,31539,water_supply,Issued - Active,,,,
CRC145654,Surface Water,A,M35/1763,2013-12-05 00:00:00,2023-08-02 00:00:00,7,6,1.0,31539,agriculture,Issued - Active,M35/1763-M1,Compliance Volume,2013-11-29 14:45:00,2019-07-23 02:30:00
CRC183474,Groundwater,A,M35/12013,2018-12-21 00:00:00,2032-07-01 00:00:00,7,6,1.0,31539,water_supply,Issued - Active,,,,
CRC972229.1,Surface Water,A,M35/0947,2009-07-10 00:00:00,2032-07-01 00:00:00,7,6,1.0,31539,agriculture,Issued - Active,,,,
CRC172416,Surface Water,A,M35/11380,2016-10-21 00:00:00,2031-10-21 00:00:00,7,6,1.0,31539,agriculture,Issued - Active,M35/11380-M1,Compliance Volume,2008-02-18 09:00:00,2019-07-22 00:00:00
CRC181524,Surface Water,A,M35/17629,2018-04-06 00:00:00,2024-01-15 00:00:00,7,6,1.0,31539,agriculture,Issued - Active,,,,
CRC176313,Surface Water,A,L35/1065,2017-05-12 00:00:00,2024-05-06 00:00:00,7,6,1.0,31539,agriculture,Issued - Active,,,,
CRC991691,Surface Water,A,L35/0279,1999-03-18 00:00:00,2034-03-15 00:00:00,7,6,1.0,31539,agriculture,Issued - Active,L35/0279-M1,Compliance Volume,2012-06-30 23:45:00,2019-07-22 23:45:00
CRC970974,Groundwater,A,M35/3483,1997-12-24 00:00:00,2032-07-01 00:00:00,7,6,1.0,44014,agriculture,Issued - Active,,,,
CRC194885,Groundwater,A,BW22/0102,2019-05-13 00:00:00,2033-03-14 00:00:00,7,6,1.0,100000,water_supply,Issued - Active,,,,
CRC970974,Groundwater,A,M35/3484,1997-12-24 00:00:00,2032-07-01 00:00:00,7,6,1.0,44014,agriculture,Issued - Active,,,,
CRC183474,Groundwater,A,M35/5139,2018-12-21 00:00:00,2032-07-01 00:00:00,7,6,0.8,25232,water_supply,Issued - Active,,,,
CRC940033A.3,Surface Water,A,L34/0061,2008-03-13 00:00:00,2028-09-30 00:00:00,7,6,0.75,23655,water_supply,Issued - Active,,,,
CRC073675,Groundwater,A,M35/2804,2007-10-09 00:00:00,2042-10-02 00:00:00,7,6,0.75,7000,agriculture,Issued - Active,,,,
CRC981509.1,Groundwater,A,M35/8008,2010-12-21 00:00:00,2033-04-15 00:00:00,7,6,0.6,6397,water_supply,Issued - Active,,,,
CRC011877,Groundwater,A,M35/1748,2001-07-20 00:00:00,2035-01-31 00:00:00,7,6,0.52,16380,industry,Issued - Active,,,,
CRC011877,Surface Water,A,M35/1748,2001-07-20 00:00:00,2035-01-31 00:00:00,7,6,0.52,16401,industry,Issued - Active,,,,
CRC990926.1,Groundwater,A,L35/0576,2008-05-16 00:00:00,2034-08-04 00:00:00,7,6,0.5,15770,water_supply,Issued - Active,,,,
CRC990926.1,Groundwater,A,L35/0327,2008-05-16 00:00:00,2034-08-04 00:00:00,7,6,0.5,15770,water_supply,Issued - Active,,,,
CRC173677,Surface Water,A,M35/2477,2017-03-27 00:00:00,2032-03-27 00:00:00,7,6,0.48,15139,agriculture,Issued - Active,,,,
CRC870029,Surface Water,A,K34/0029,1998-02-18 00:00:00,2033-02-12 00:00:00,7,6,0.3,9462,water_supply,Issued - Active,,,,
CRC971603.1,Surface Water,A,M35/1194,2007-11-22 00:00:00,2032-07-01 00:00:00,7,6,0.3,9462,agriculture,Issued - Active,,,,
CRC142866,Surface Water,A,M35/7541,2013-09-10 00:00:00,2031-08-21 00:00:00,7,6,0.2,6308,agriculture,Issued - Active,,,,
CRC190242,Groundwater,A,M35/1729,2018-07-12 00:00:00,2032-06-19 00:00:00,7,6,0.16,3750,stockwater,Issued - Active,,,,
CRC081610,Surface Water,A,M35/11181,2008-10-02 00:00:00,2043-09-30 00:00:00,7,6,0.1,3154,agriculture,Issued - Active,M35/11181-M1,Compliance Volume,2018-04-04 00:15:00,2019-07-22 00:00:00
CRC940911,Surface Water,A,M35/1167,1994-05-19 00:00:00,2029-05-18 00:00:00,7,6,0.1,3154,agriculture,Issued - Active,,,,
CRC971942,Surface Water,A,M35/3327,1997-09-12 00:00:00,2032-07-01 00:00:00,7,6,0.1,3154,agriculture,Issued - Active,M35/3327-M1,Compliance Volume,2015-09-18 00:15:00,2019-07-22 00:00:00
CRC991363,Surface Water,A,K34/0025,1999-03-01 00:00:00,2034-02-25 00:00:00,7,6,0.09,2839,water_supply,Issued - Active,,,,
CRC991363,Surface Water,A,K34/0026,1999-03-01 00:00:00,2034-02-25 00:00:00,7,6,0.09,2839,water_supply,Issued - Active,,,,
CRC991423,Groundwater,A,L35/0176,2004-09-09 00:00:00,2039-09-08 00:00:00,7,6,0.06,1892,water_supply,Issued - Active,,,,
CRC991423,Groundwater,A,L35/0245,2004-09-09 00:00:00,2039-09-08 00:00:00,7,6,0.06,1892,water_supply,Issued - Active,,,,
CRC991423,Groundwater,A,L35/0534,2004-09-09 00:00:00,2039-09-08 00:00:00,7,6,0.06,1892,water_supply,Issued - Active,,,,
